Stop ID,Neighborhood,Station Name,Line,canTransfer,Latitude,Longitude
0,4 Avenue,25th St,R,FALSE,40.660397,-73.998091
1,4 Avenue,36th St,D,TRUE,40.655144,-74.003549
2,4 Avenue,36th St,N,TRUE,40.655144,-74.003549
3,4 Avenue,36th St,R,TRUE,40.655144,-74.003549
4,4 Avenue,45th St,R,FALSE,40.648939,-74.010006
5,4 Avenue,53rd St,R,FALSE,40.645069,-74.014034
6,4 Avenue,59th St,N,TRUE,40.641362,-74.017881
7,4 Avenue,59th St,R,TRUE,40.641362,-74.017881
8,4 Avenue,77th St,R,FALSE,40.629742,-74.02551
9,4 Avenue,86th St,R,FALSE,40.622687,-74.028398
10,4 Avenue,95th St,R,FALSE,40.616622,-74.030876
11,4 Avenue,4th Av - 9th St,F,TRUE,40.670847,-73.988302
12,4 Avenue,4th Av - 9th St,G,TRUE,40.670847,-73.988302
13,4 Avenue,4th Av - 9th St,R,TRUE,40.670847,-73.988302
14,4 Avenue,Atlantic Av - Barclays Ctr,B,TRUE,40.683666,-73.97881
15,4 Avenue,Atlantic Av - Barclays Ctr,Q,TRUE,40.683666,-73.97881
16,4 Avenue,Atlantic Av - Barclays Ctr,D,TRUE,40.683666,-73.97881
17,4 Avenue,Atlantic Av - Barclays Ctr,N,TRUE,40.683666,-73.97881
18,4 Avenue,Atlantic Av - Barclays Ctr,R,TRUE,40.683666,-73.97881
19,4 Avenue,Atlantic Av - Barclays Ctr,2,TRUE,40.683666,-73.97881
20,4 Avenue,Atlantic Av - Barclays Ctr,3,TRUE,40.683666,-73.97881
21,4 Avenue,Atlantic Av - Barclays Ctr,4,TRUE,40.683666,-73.97881
22,4 Avenue,Atlantic Av - Barclays Ctr,5,TRUE,40.683666,-73.97881
23,4 Avenue,Bay Ridge Av,R,FALSE,40.634967,-74.023377
24,4 Avenue,DeKalb Av,B,TRUE,40.690635,-73.981824
25,4 Avenue,DeKalb Av,Q,TRUE,40.690635,-73.981824
26,4 Avenue,DeKalb Av,R,TRUE,40.690635,-73.981824
27,4 Avenue,Prospect Av,R,FALSE,40.665414,-73.992872
28,4 Avenue,Union St,R,FALSE,40.677316,-73.98311
29,Astoria,30th Av,N,TRUE,40.766779,-73.921479
30,Astoria,30th Av,W,TRUE,40.766779,-73.921479
31,Astoria,36th Av,N,TRUE,40.756804,-73.929575
32,Astoria,36th Av,W,TRUE,40.756804,-73.929575
33,Astoria,39th Av,N,TRUE,40.752882,-73.932755
34,Astoria,39th Av,W,TRUE,40.752882,-73.932755
35,Astoria,Astoria Blvd,N,TRUE,40.770258,-73.917843
36,Astoria,Astoria Blvd,W,TRUE,40.770258,-73.917843
37,Astoria,Broadway,N,TRUE,40.76182,-73.925508
38,Astoria,Broadway,W,TRUE,40.76182,-73.925508
39,Astoria,Astoria - Ditmars Blvd,N,TRUE,40.775036,-73.912034
40,Astoria,Astoria - Ditmars Blvd,W,TRUE,40.775036,-73.912034
41,Brighton,7th Av,B,TRUE,40.67705,-73.972367
42,Brighton,7th Av,Q,TRUE,40.67705,-73.972367
43,Brighton,Av H,Q,FALSE,40.62927,-73.961639
44,Brighton,Av J,Q,FALSE,40.625039,-73.960803
45,Brighton,Av M,Q,FALSE,40.617618,-73.959399
46,Brighton,Av U,Q,FALSE,40.5993,-73.955929
47,Brighton,Beverly Rd,Q,FALSE,40.644031,-73.964492
48,Brighton,Brighton Beach,B,TRUE,40.577621,-73.961376
49,Brighton,Brighton Beach,Q,TRUE,40.577621,-73.961376
50,Brighton,Church Av,B,TRUE,40.650527,-73.962982
51,Brighton,Church Av,Q,TRUE,40.650527,-73.962982
52,Brighton,Cortelyou Rd,Q,FALSE,40.640927,-73.963891
53,Brighton,Kings Highway,B,TRUE,40.60867,-73.957734
54,Brighton,Kings Highway,Q,TRUE,40.60867,-73.957734
55,Brighton,Neck Rd,Q,FALSE,40.595246,-73.955161
56,Brighton,Newkirk Plaza,B,TRUE,40.635082,-73.962793
57,Brighton,Newkirk Plaza,Q,TRUE,40.635082,-73.962793
58,Brighton,Ocean Parkway,Q,FALSE,40.576312,-73.968501
59,Brighton,Parkside Av,Q,FALSE,40.655292,-73.961495
60,Brighton,Prospect Park,B,TRUE,40.661614,-73.962246
61,Brighton,Prospect Park,Q,TRUE,40.661614,-73.962246
62,Brighton,Prospect Park,S2,TRUE,40.661614,-73.962246
63,Brighton,Sheepshead Bay,B,TRUE,40.586896,-73.954155
64,Brighton,Sheepshead Bay,Q,TRUE,40.586896,-73.954155
65,Brighton,Coney Island - Stillwell Av,D,TRUE,40.577422,-73.981233
66,Brighton,Coney Island - Stillwell Av,F,TRUE,40.577422,-73.981233
67,Brighton,Coney Island - Stillwell Av,N,TRUE,40.577422,-73.981233
68,Brighton,Coney Island - Stillwell Av,Q,TRUE,40.577422,-73.981233
69,Brighton,West 8th St - New York Aquarium,F,TRUE,40.576127,-73.975939
70,Brighton,West 8th St - New York Aquarium,Q,TRUE,40.576127,-73.975939
71,Broadway,23rd St,R,TRUE,40.741303,-73.989344
72,Broadway,23rd St,W,TRUE,40.741303,-73.989344
73,Broadway,28th St,R,TRUE,40.745494,-73.988691
74,Broadway,28th St,W,TRUE,40.745494,-73.988691
75,Broadway,34th St - Herald Square,B,TRUE,40.749567,-73.98795
76,Broadway,34th St - Herald Square,D,TRUE,40.749567,-73.98795
77,Broadway,34th St - Herald Square,F,TRUE,40.749567,-73.98795
78,Broadway,34th St - Herald Square,M,TRUE,40.749567,-73.98795
79,Broadway,34th St - Herald Square,N,TRUE,40.749567,-73.98795
80,Broadway,34th St - Herald Square,Q,TRUE,40.749567,-73.98795
81,Broadway,34th St - Herald Square,R,TRUE,40.749567,-73.98795
82,Broadway,34th St - Herald Square,W,TRUE,40.749567,-73.98795
83,Broadway,49th St,N,TRUE,40.759901,-73.984139
84,Broadway,49th St,R,TRUE,40.759901,-73.984139
85,Broadway,49th St,W,TRUE,40.759901,-73.984139
86,Broadway,57th St - 7th Av,N,TRUE,40.764664,-73.980658
87,Broadway,57th St - 7th Av,Q,TRUE,40.764664,-73.980658
88,Broadway,57th St - 7th Av,R,TRUE,40.764664,-73.980658
89,Broadway,57th St - 7th Av,W,TRUE,40.764664,-73.980658
90,Broadway,5th Av - 59 St,N,TRUE,40.764811,-73.973347
91,Broadway,5th Av - 59 St,R,TRUE,40.764811,-73.973347
92,Broadway,5th Av - 59 St,W,TRUE,40.764811,-73.973347
93,Broadway,8th St - NYU,R,TRUE,40.730328,-73.992629
94,Broadway,8th St - NYU,W,TRUE,40.730328,-73.992629
95,Broadway,Canal St,J,TRUE,40.719527,-74.001775
96,Broadway,Canal St,N,TRUE,40.719527,-74.001775
97,Broadway,Canal St,Q,TRUE,40.719527,-74.001775
98,Broadway,Canal St,R,TRUE,40.719527,-74.001775
99,Broadway,Canal St,W,TRUE,40.719527,-74.001775
100,Broadway,Canal St,Z,TRUE,40.719527,-74.001775
101,Broadway,Canal St,6,TRUE,40.719527,-74.001775
102,Broadway,City Hall,R,TRUE,40.713282,-74.006978
103,Broadway,Cortlandt St,R,TRUE,40.710668,-74.011029
104,Broadway,Cortlandt St,W,TRUE,40.710668,-74.011029
105,Broadway,Jay St - Metrotech,A,TRUE,40.69218,-73.985942
106,Broadway,Jay St - Metrotech,C,TRUE,40.69218,-73.985942
107,Broadway,Jay St - Metrotech,F,TRUE,40.69218,-73.985942
108,Broadway,Jay St - Metrotech,R,TRUE,40.69218,-73.985942
109,Broadway,Lexington Av - 59th St,N,TRUE,40.76266,-73.967258
110,Broadway,Lexington Av - 59th St,R,TRUE,40.76266,-73.967258
111,Broadway,Lexington Av - 59th St,W,TRUE,40.76266,-73.967258
112,Broadway,59th St,4,TRUE,40.76266,-73.967258
113,Broadway,59th St,5,TRUE,40.76266,-73.967258
114,Broadway,59th St,6,TRUE,40.76266,-73.967258
115,Broadway,Prince St,W,TRUE,40.724329,-73.997702
116,Broadway,Prince St,R,TRUE,40.724329,-73.997702
117,Broadway,Rector St,R,TRUE,40.70722,-74.013342
118,Broadway,Rector St,W,TRUE,40.70722,-74.013342
119,Broadway,42nd St - Port Authority Bus Terminal,A,TRUE,40.754672,-73.986754
120,Broadway,42nd St - Port Authority Bus Terminal,C,TRUE,40.754672,-73.986754
121,Broadway,42nd St - Port Authority Bus Terminal,E,TRUE,40.754672,-73.986754
122,Broadway,Times Square - 42nd St,N,TRUE,40.754672,-73.986754
123,Broadway,Times Square - 42nd St,Q,TRUE,40.754672,-73.986754
124,Broadway,Times Square - 42nd St,R,TRUE,40.754672,-73.986754
125,Broadway,Times Square - 42nd St,W,TRUE,40.754672,-73.986754
126,Broadway,Times Square - 42nd St,1,TRUE,40.754672,-73.986754
127,Broadway,Times Square - 42nd St,2,TRUE,40.754672,-73.986754
128,Broadway,Times Square - 42nd St,3,TRUE,40.754672,-73.986754
129,Broadway,Times Square - 42nd St,7,TRUE,40.754672,-73.986754
130,Broadway,Times Square - 42nd St,S1,TRUE,40.754672,-73.986754
131,Broadway,14th St - Union Square,L,TRUE,40.735736,-73.990568
132,Broadway,14th St - Union Square,N,TRUE,40.735736,-73.990568
133,Broadway,14th St - Union Square,Q,TRUE,40.735736,-73.990568
134,Broadway,14th St - Union Square,R,TRUE,40.735736,-73.990568
135,Broadway,14th St - Union Square,W,TRUE,40.735736,-73.990568
136,Broadway,14th St - Union Square,4,TRUE,40.735736,-73.990568
137,Broadway,14th St - Union Square,5,TRUE,40.735736,-73.990568
138,Broadway,14th St - Union Square,6,TRUE,40.735736,-73.990568
139,Broadway,Whitehall St,R,TRUE,40.703087,-74.012994
140,Broadway,Whitehall St,W,TRUE,40.703087,-74.012994
141,Broadway,South Ferry,1,TRUE,40.703087,-74.012994
142,Broadway Jamaica,104th St,J,TRUE,40.695178,-73.84433
143,Broadway Jamaica,104th St,Z,TRUE,40.695178,-73.84433
144,Broadway Jamaica,111th St,J,FALSE,40.697418,-73.836345
145,Broadway Jamaica,121st St,J,TRUE,40.700492,-73.828294
146,Broadway Jamaica,121st St,Z,TRUE,40.700492,-73.828294
147,Broadway Jamaica,Alabama Av,J,TRUE,40.676992,-73.898654
148,Broadway Jamaica,Chauncey St,J,TRUE,40.682893,-73.910456
149,Broadway Jamaica,Chauncey St,Z,TRUE,40.682893,-73.910456
150,Broadway Jamaica,Cleveland St,J,FALSE,40.679947,-73.884639
151,Broadway Jamaica,Crescent St,J,TRUE,40.683194,-73.873785
152,Broadway Jamaica,Crescent St,Z,TRUE,40.683194,-73.873785
153,Broadway Jamaica,Cypress Hills,J,FALSE,40.689941,-73.87255
154,Broadway Jamaica,75th St - Elderts Ln,J,TRUE,40.691324,-73.867139
155,Broadway Jamaica,75th St - Elderts Ln,Z,TRUE,40.691324,-73.867139
156,Broadway Jamaica,Flushing Av,J,TRUE,40.70026,-73.941126
157,Broadway Jamaica,Flushing Av,M,TRUE,40.70026,-73.941126
158,Broadway Jamaica,85th St - Forest Parkway,J,FALSE,40.692435,-73.86001
159,Broadway Jamaica,Gates Av,J,TRUE,40.68963,-73.92227
160,Broadway Jamaica,Gates Av,Z,TRUE,40.68963,-73.92227
161,Broadway Jamaica,Halsey St,J,FALSE,40.68637,-73.916559
162,Broadway Jamaica,Hewes St,J,TRUE,40.70687,-73.953431
163,Broadway Jamaica,Hewes St,M,TRUE,40.70687,-73.953431
164,Broadway Jamaica,Kosciusko St,J,FALSE,40.693342,-73.928814
165,Broadway Jamaica,Marcy Av,J,TRUE,40.708359,-73.957757
166,Broadway Jamaica,Marcy Av,M,TRUE,40.708359,-73.957757
167,Broadway Jamaica,Marcy Av,Z,TRUE,40.708359,-73.957757
168,Broadway Jamaica,Myrtle Av,J,TRUE,40.697207,-73.935657
169,Broadway Jamaica,Myrtle Av,M,TRUE,40.697207,-73.935657
170,Broadway Jamaica,Myrtle Av,Z,TRUE,40.697207,-73.935657
171,Broadway Jamaica,Norwood Av,J,TRUE,40.68141,-73.880039
172,Broadway Jamaica,Norwood Av,Z,TRUE,40.68141,-73.880039
173,Broadway Jamaica,Van Siclen Av,J,TRUE,40.678024,-73.891688
174,Broadway Jamaica,Van Siclen Av,Z,TRUE,40.678024,-73.891688
175,Broadway Jamaica,Woodhaven Blvd,J,TRUE,40.693879,-73.851576
176,Broadway Jamaica,Woodhaven Blvd,Z,TRUE,40.693879,-73.851576
177,Canarsie,1st Av,L,FALSE,40.730953,-73.981628
178,Canarsie,3rd Av,L,FALSE,40.732849,-73.986122
179,Canarsie,14th St,A,TRUE,40.739777,-74.002578
180,Canarsie,14th St,C,TRUE,40.739777,-74.002578
181,Canarsie,14th St,E,TRUE,40.739777,-74.002578
182,Canarsie,8th Av,L,TRUE,40.739777,-74.002578
183,Canarsie,Atlantic Av,L,FALSE,40.675345,-73.903097
184,Canarsie,Bedford Av,L,FALSE,40.717304,-73.956872
185,Canarsie,Bushwick Av,L,FALSE,40.682829,-73.905249
189,Canarsie,DeKalb Av,L,FALSE,40.703811,-73.918425
190,Canarsie,East 105th St,L,FALSE,40.650573,-73.899485
191,Canarsie,Graham Av,L,FALSE,40.714565,-73.944053
192,Canarsie,Grand St,L,FALSE,40.711926,-73.94067
193,Canarsie,Halsey St,L,FALSE,40.695602,-73.904084
194,Canarsie,Jefferson St,L,FALSE,40.706607,-73.922913
195,Canarsie,Livonia Av,L,FALSE,40.664038,-73.900571
196,Canarsie,Metropolitan Av,G,TRUE,40.714063,-73.950275
197,Canarsie,Lorimer St,L,TRUE,40.714063,-73.950275
198,Canarsie,Montrose Av,L,FALSE,40.707739,-73.93985
199,Canarsie,Morgan Av,L,FALSE,40.706152,-73.933147
200,Canarsie,Myrtle - Wyckoff Avs,L,TRUE,40.699814,-73.911586
201,Canarsie,Myrtle - Wyckoff Avs,M,TRUE,40.699814,-73.911586
202,Canarsie,New Lots Av,L,FALSE,40.658733,-73.899232
203,Canarsie,Sutter Av,L,FALSE,40.669367,-73.901975
204,Canarsie,Wilson Av,L,FALSE,40.688764,-73.904046
205,Franklin,Franklin Av,C,TRUE,40.680596,-73.955827
206,Franklin,Franklin Av,S2,TRUE,40.680596,-73.955827
207,Franklin,Park Place,S2,FALSE,40.674772,-73.957624
208,Myrtle,Central Av,M,FALSE,40.697857,-73.927397
209,Myrtle,Forest Av,M,FALSE,40.704423,-73.903077
210,Myrtle,Fresh Pond Rd,M,FALSE,40.706186,-73.895877
211,Myrtle,Knickerbocker Av,M,FALSE,40.698664,-73.919711
212,Myrtle,Middle Village - Metropolitan Av,M,FALSE,40.711396,-73.889601
213,Myrtle,Seneca Av,M,FALSE,40.702762,-73.90774
214,Nassau,Bowery,J,TRUE,40.72028,-73.993915
215,Nassau,Bowery,Z,TRUE,40.72028,-73.993915
216,Nassau,Broad St,J,TRUE,40.706476,-74.011056
217,Nassau,Broad St,Z,TRUE,40.706476,-74.011056
218,Sea Beach,18th Av,N,FALSE,40.620671,-73.990414
219,Sea Beach,20th Av,N,FALSE,40.61741,-73.985026
220,Sea Beach,86th St,N,FALSE,40.592721,-73.97823
221,Sea Beach,8th Av,N,FALSE,40.635064,-74.011719
222,Sea Beach,Av U,N,FALSE,40.597473,-73.979137
223,Sea Beach,Bay Parkway,N,FALSE,40.611815,-73.981848
224,Sea Beach,Fort Hamilton Parkway,N,FALSE,40.631386,-74.005351
225,Sea Beach,Kings Highway,N,FALSE,40.603923,-73.980353
226,West End,18th Av,D,FALSE,40.607954,-74.001736
227,West End,20th Av,D,FALSE,40.604556,-73.998168
228,West End,25th Av,D,FALSE,40.597704,-73.986829
229,West End,50th St,D,FALSE,40.63626,-73.994791
230,West End,55th St,D,FALSE,40.631435,-73.995476
231,West End,62nd St,D,TRUE,40.626472,-73.996895
232,West End,New Utrecht Av,N,TRUE,40.626472,-73.996895
233,West End,71st St,D,FALSE,40.619589,-73.998864
234,West End,79th St,D,FALSE,40.613501,-74.00061
235,West End,9th Av,D,FALSE,40.646292,-73.994324
236,West End,Bay 50th St,D,FALSE,40.588841,-73.983765
237,West End,Bay Parkway,D,FALSE,40.601875,-73.993728
238,West End,Fort Hamilton Parkway,D,FALSE,40.640914,-73.994304
239,63rd Street,21st St,F,FALSE,40.754203,-73.942836
240,63rd Street,Lexington Av - 63rd St,F,TRUE,40.764627,-73.96611
241,63rd Street,Lexington Av - 63rd St,Q,TRUE,40.764627,-73.96611
242,63rd Street,Roosevelt Island,F,FALSE,40.759145,-73.95326
243,6 Avenue,14th St,F,TRUE,40.738228,-73.996209
244,6 Avenue,6th Av,L,TRUE,40.738228,-73.996209
245,6 Avenue,14th St,M,TRUE,40.738228,-73.996209
246,6 Avenue,14th St,1,TRUE,40.738228,-73.996209
247,6 Avenue,14th St,2,TRUE,40.738228,-73.996209
248,6 Avenue,14th St,3,TRUE,40.738228,-73.996209
249,6 Avenue,23rd St,F,TRUE,40.742878,-73.992821
250,6 Avenue,23rd St,M,TRUE,40.742878,-73.992821
251,6 Avenue,2nd Av,F,FALSE,40.723402,-73.989938
252,6 Avenue,42nd St - Bryant Park,B,TRUE,40.754222,-73.984569
253,6 Avenue,42nd St - Bryant Park,D,TRUE,40.754222,-73.984569
254,6 Avenue,42nd St - Bryant Park,F,TRUE,40.754222,-73.984569
255,6 Avenue,42nd St - Bryant Park,M,TRUE,40.754222,-73.984569
256,6 Avenue,5th Av,7,TRUE,40.754222,-73.984569
257,6 Avenue,47-50th Sts - Rockefeller Center,B,TRUE,40.758663,-73.981329
258,6 Avenue,47-50th Sts - Rockefeller Center,D,TRUE,40.758663,-73.981329
259,6 Avenue,47-50th Sts - Rockefeller Center,F,TRUE,40.758663,-73.981329
260,6 Avenue,47-50th Sts - Rockefeller Center,M,TRUE,40.758663,-73.981329
261,6 Avenue,57th St,F,FALSE,40.763972,-73.97745
262,6 Avenue,7th Av,F,TRUE,40.666271,-73.980305
263,6 Avenue,Bergen St,F,TRUE,40.686145,-73.990862
264,6 Avenue,Bergen St,G,TRUE,40.686145,-73.990862
265,6 Avenue,Broadway - Lafayette St,B,TRUE,40.725297,-73.996204
266,6 Avenue,Broadway - Lafayette St,D,TRUE,40.725297,-73.996204
267,6 Avenue,Broadway - Lafayette St,F,TRUE,40.725297,-73.996204
268,6 Avenue,Broadway - Lafayette St,M,TRUE,40.725297,-73.996204
269,6 Avenue,Bleecker St,6,TRUE,40.725297,-73.996204
270,6 Avenue,Carroll St,F,TRUE,40.680303,-73.995048
271,6 Avenue,Carroll St,G,TRUE,40.680303,-73.995048
272,6 Avenue,Church Av,F,TRUE,40.644041,-73.979678
273,6 Avenue,Delancey St,F,TRUE,40.718611,-73.988114
274,6 Avenue,Delancey St,J,TRUE,40.718611,-73.988114
275,6 Avenue,Delancey St,M,TRUE,40.718611,-73.988114
276,6 Avenue,Delancey St,Z,TRUE,40.718611,-73.988114
277,6 Avenue,East Broadway,F,FALSE,40.713715,-73.990173
278,6 Avenue,Fort Hamilton Parkway,F,TRUE,40.650782,-73.975776
279,6 Avenue,Grand St,B,TRUE,40.718267,-73.993753
280,6 Avenue,Grand St,D,TRUE,40.718267,-73.993753
281,6 Avenue,15th St - Prospect Park,F,TRUE,40.660365,-73.979493
282,6 Avenue,Smith - 9th Sts,F,TRUE,40.67358,-73.995959
283,6 Avenue,Smith - 9th Sts,G,TRUE,40.67358,-73.995959
285,6 Avenue,York St,F,FALSE,40.699743,-73.986885
286,8 Avenue,103rd St,B,TRUE,40.796092,-73.961454
287,8 Avenue,103rd St,C,TRUE,40.796092,-73.961454
288,8 Avenue,116th St,B,TRUE,40.805085,-73.954882
289,8 Avenue,116th St,C,TRUE,40.805085,-73.954882
290,8 Avenue,125th St,A,TRUE,40.811109,-73.952343
291,8 Avenue,125th St,B,TRUE,40.811109,-73.952343
292,8 Avenue,125th St,C,TRUE,40.811109,-73.952343
293,8 Avenue,125th St,D,TRUE,40.811109,-73.952343
294,8 Avenue,135th St,B,TRUE,40.817894,-73.947649
295,8 Avenue,135th St,C,TRUE,40.817894,-73.947649
296,8 Avenue,145th St,A,TRUE,40.824783,-73.944216
297,8 Avenue,145th St,B,TRUE,40.824783,-73.944216
298,8 Avenue,145th St,C,TRUE,40.824783,-73.944216
299,8 Avenue,145th St,D,TRUE,40.824783,-73.944216
300,8 Avenue,155th St,C,FALSE,40.830518,-73.941514
301,8 Avenue,163rd St - Amsterdam Av,C,FALSE,40.836013,-73.939892
304,8 Avenue,175th St,A,FALSE,40.847391,-73.939704
305,8 Avenue,181st St,A,FALSE,40.851695,-73.937969
306,8 Avenue,190th St,A,FALSE,40.859022,-73.93418
307,8 Avenue,23rd St,C,TRUE,40.745906,-73.998041
308,8 Avenue,23rd St,E,TRUE,40.745906,-73.998041
309,8 Avenue,34th St - Penn Station,A,TRUE,40.752287,-73.993391
310,8 Avenue,34th St - Penn Station,C,TRUE,40.752287,-73.993391
311,8 Avenue,34th St - Penn Station,E,TRUE,40.752287,-73.993391
312,8 Avenue,50th St,C,TRUE,40.762456,-73.985984
313,8 Avenue,50th St,E,TRUE,40.762456,-73.985984
314,8 Avenue,59th St - Columbus Circle,A,TRUE,40.768296,-73.981736
315,8 Avenue,59th St - Columbus Circle,B,TRUE,40.768296,-73.981736
316,8 Avenue,59th St - Columbus Circle,C,TRUE,40.768296,-73.981736
317,8 Avenue,59th St - Columbus Circle,D,TRUE,40.768296,-73.981736
318,8 Avenue,59th St - Columbus Circle,1,TRUE,40.768296,-73.981736
319,8 Avenue,72nd St,B,TRUE,40.775594,-73.97641
320,8 Avenue,72nd St,C,TRUE,40.775594,-73.97641
321,8 Avenue,81st St - Museum of Natural History,B,TRUE,40.781433,-73.972143
322,8 Avenue,81st St - Museum of Natural History,C,TRUE,40.781433,-73.972143
323,8 Avenue,86th St,B,TRUE,40.785868,-73.968916
324,8 Avenue,86th St,C,TRUE,40.785868,-73.968916
325,8 Avenue,96th St,B,TRUE,40.791646,-73.964699
326,8 Avenue,96th St,C,TRUE,40.791646,-73.964699
327,8 Avenue,Canal St,A,TRUE,40.720824,-74.005229
328,8 Avenue,Canal St,C,TRUE,40.720824,-74.005229
329,8 Avenue,Canal St,E,TRUE,40.720824,-74.005229
330,8 Avenue,Cathedral Parkway - 110th St,B,TRUE,40.800605,-73.958158
331,8 Avenue,Cathedral Parkway - 110th St,C,TRUE,40.800605,-73.958158
332,8 Avenue,Chambers St,A,TRUE,40.714111,-74.008585
333,8 Avenue,Chambers St,C,TRUE,40.714111,-74.008585
334,8 Avenue,World Trade Center,E,TRUE,40.714111,-74.008585
335,8 Avenue,Park Place,2,TRUE,40.714111,-74.008585
336,8 Avenue,Park Place,3,TRUE,40.714111,-74.008585
337,8 Avenue,Dyckman St,A,FALSE,40.865491,-73.927271
338,8 Avenue,High St,A,TRUE,40.699337,-73.990531
339,8 Avenue,High St,C,TRUE,40.699337,-73.990531
340,8 Avenue,Inwood - 207th St,A,FALSE,40.868072,-73.919899
341,8 Avenue,Spring St,C,TRUE,40.726227,-74.003739
342,8 Avenue,Spring St,E,TRUE,40.726227,-74.003739
343,8 Avenue,West 4th St - Washington Square,A,TRUE,40.732338,-74.000495
344,8 Avenue,West 4th St - Washington Square,B,TRUE,40.732338,-74.000495
345,8 Avenue,West 4th St - Washington Square,C,TRUE,40.732338,-74.000495
346,8 Avenue,West 4th St - Washington Square,D,TRUE,40.732338,-74.000495
347,8 Avenue,West 4th St - Washington Square,E,TRUE,40.732338,-74.000495
348,8 Avenue,West 4th St - Washington Square,F,TRUE,40.732338,-74.000495
349,8 Avenue,West 4th St - Washington Square,M,TRUE,40.732338,-74.000495
350,Archer Av,Jamaica - Van Wyck,E,FALSE,40.702566,-73.816859
351,Archer Av,Jamaica Center - Parsons/Archer,E,TRUE,40.702147,-73.801109
352,Archer Av,Jamaica Center - Parsons/Archer,J,TRUE,40.702147,-73.801109
353,Archer Av,Jamaica Center - Parsons/Archer,Z,TRUE,40.702147,-73.801109
354,Archer Av,Sutphin Blvd - Archer Av - JFK Airport,E,TRUE,40.700486,-73.807969
355,Archer Av,Sutphin Blvd - Archer Av - JFK Airport,J,TRUE,40.700486,-73.807969
356,Archer Av,Sutphin Blvd - Archer Av - JFK Airport,Z,TRUE,40.700486,-73.807969
357,Concourse,155th St,B,TRUE,40.830135,-73.938209
358,Concourse,155th St,D,TRUE,40.830135,-73.938209
359,Concourse,167th St,B,TRUE,40.833769,-73.918432
360,Concourse,167th St,D,TRUE,40.833769,-73.918432
361,Concourse,170th St,B,TRUE,40.839306,-73.9134
362,Concourse,170th St,D,TRUE,40.839306,-73.9134
363,Concourse,174-175th Sts,B,TRUE,40.8459,-73.910136
364,Concourse,174-175th Sts,D,TRUE,40.8459,-73.910136
365,Concourse,182-183rd Sts,B,TRUE,40.856093,-73.900741
366,Concourse,182-183rd Sts,D,TRUE,40.856093,-73.900741
367,Concourse,Bedford Park Blvd,B,TRUE,40.873244,-73.887138
368,Concourse,Bedford Park Blvd,D,TRUE,40.873244,-73.887138
369,Concourse,Fordham Rd,B,TRUE,40.861296,-73.897749
370,Concourse,Fordham Rd,D,TRUE,40.861296,-73.897749
371,Concourse,Kingsbridge Rd,B,TRUE,40.866978,-73.893509
372,Concourse,Kingsbridge Rd,D,TRUE,40.866978,-73.893509
373,Concourse,Norwood - 205th St,D,FALSE,40.874811,-73.878855
374,Concourse,Tremont Av,B,TRUE,40.85041,-73.905227
375,Concourse,Tremont Av,D,TRUE,40.85041,-73.905227
376,Crosstown,21st St,G,FALSE,40.744065,-73.949724
377,Crosstown,Bedford - Nostrand Avs,G,FALSE,40.689627,-73.953522
378,Crosstown,Broadway,G,FALSE,40.706092,-73.950308
379,Crosstown,Classon Av,G,FALSE,40.688873,-73.96007
380,Crosstown,Clinton - Washington Avs,G,FALSE,40.688089,-73.966839
381,Crosstown,Flushing Av,G,FALSE,40.700377,-73.950234
382,Crosstown,Fulton St,G,FALSE,40.687119,-73.975375
383,Crosstown,Greenpoint Av,G,FALSE,40.731352,-73.954449
384,Crosstown,Myrtle - Willoughby Avs,G,FALSE,40.694568,-73.949046
385,Crosstown,Nassau Av,G,FALSE,40.724635,-73.951277
386,Culver,18th Av,F,FALSE,40.629755,-73.976971
387,Culver,Av I,F,FALSE,40.625322,-73.976127
388,Culver,Av N,F,FALSE,40.61514,-73.974197
389,Culver,Av P,F,FALSE,40.608944,-73.973022
390,Culver,Av U,F,FALSE,40.596063,-73.973357
391,Culver,Av X,F,FALSE,40.58962,-73.97425
392,Culver,Bay Parkway,F,FALSE,40.620769,-73.975264
393,Culver,Ditmas Av,F,FALSE,40.636119,-73.978172
394,Culver,Kings Highway,F,FALSE,40.603217,-73.972361
395,Culver,Neptune Av,F,FALSE,40.581011,-73.974574
396,Fulton,Broadway Junction,A,TRUE,40.678334,-73.905316
397,Fulton,Broadway Junction,C,TRUE,40.678334,-73.905316
398,Fulton,Broadway Junction,L,TRUE,40.678334,-73.905316
399,Fulton,Broadway Junction,J,TRUE,40.678334,-73.905316
400,Fulton,Broadway Junction,Z,TRUE,40.678334,-73.905316
401,Fulton,Clinton - Washington Avs,C,FALSE,40.683263,-73.965838
402,Fulton,Euclid Av,A,TRUE,40.675377,-73.872106
403,Fulton,Euclid Av,C,TRUE,40.675377,-73.872106
404,Fulton,Hoyt - Schermerhorn Sts,A,TRUE,40.688484,-73.985001
405,Fulton,Hoyt - Schermerhorn Sts,C,TRUE,40.688484,-73.985001
406,Fulton,Hoyt - Schermerhorn Sts,G,TRUE,40.688484,-73.985001
408,Fulton,Kingston - Throop Avs,C,TRUE,40.679921,-73.940858
409,Fulton,Lafayette Av,C,FALSE,40.686113,-73.973946
411,Fulton,Liberty Av,C,TRUE,40.674542,-73.896548
412,Fulton,Nostrand Av,A,TRUE,40.680438,-73.950426
413,Fulton,Nostrand Av,C,TRUE,40.680438,-73.950426
415,Fulton,Ralph Av,C,TRUE,40.678822,-73.920786
417,Fulton,Rockaway Av,C,TRUE,40.67834,-73.911946
419,Fulton,Shepherd Av,C,TRUE,40.67413,-73.88075
420,Fulton,Utica Av,A,TRUE,40.679364,-73.930729
421,Fulton,Utica Av,C,TRUE,40.679364,-73.930729
422,Liberty,Rockaway Blvd,A1,TRUE,40.680429,-73.843853
423,Fulton,Van Siclen Av,C,TRUE,40.67271,-73.890358
424,Liberty,104th St,A1,FALSE,40.681711,-73.837683
425,Liberty,111th St,A1,FALSE,40.684331,-73.832163
426,Liberty,80th St,A,FALSE,40.679371,-73.858992
427,Liberty,88th St,A,FALSE,40.679843,-73.85147
428,Liberty,Grant Av,A,FALSE,40.677044,-73.86505
429,Liberty,Ozone Park - Lefferts Blvd,A1,FALSE,40.685951,-73.825798
430,Liberty,Rockaway Blvd,A,TRUE,40.680429,-73.843853
431,Queens Boulevard,169th St,F,FALSE,40.71047,-73.793604
432,Queens Boulevard,36th St,M,TRUE,40.752039,-73.928781
433,Queens Boulevard,36th St,R,TRUE,40.752039,-73.928781
434,Queens Boulevard,46th St,M,TRUE,40.756312,-73.913333
435,Queens Boulevard,46th St,R,TRUE,40.756312,-73.913333
436,Queens Boulevard,5th Av - 53rd St,E,TRUE,40.760167,-73.975224
437,Queens Boulevard,5th Av - 53rd St,M,TRUE,40.760167,-73.975224
438,Queens Boulevard,63rd Drive - Rego Park,M,TRUE,40.729846,-73.861604
439,Queens Boulevard,63rd Drive - Rego Park,R,TRUE,40.729846,-73.861604
440,Queens Boulevard,65th St,M,TRUE,40.749669,-73.898453
441,Queens Boulevard,65th St,R,TRUE,40.749669,-73.898453
442,Queens Boulevard,67th Av,M,TRUE,40.726523,-73.852719
443,Queens Boulevard,67th Av,R,TRUE,40.726523,-73.852719
444,Queens Boulevard,75th Av,E,TRUE,40.718331,-73.837324
445,Queens Boulevard,75th Av,F,TRUE,40.718331,-73.837324
446,Queens Boulevard,7th Av,B,TRUE,40.762862,-73.981637
447,Queens Boulevard,7th Av,D,TRUE,40.762862,-73.981637
448,Queens Boulevard,7th Av,E,TRUE,40.762862,-73.981637
449,Queens Boulevard,Briarwood - Van Wyck Blvd,F,TRUE,40.709179,-73.820574
450,Queens Boulevard,Elmhurst Av,M,TRUE,40.742454,-73.882017
451,Queens Boulevard,Elmhurst Av,R,TRUE,40.742454,-73.882017
452,Queens Boulevard,Forest Hills - 71st Av,E,TRUE,40.721691,-73.844521
453,Queens Boulevard,Forest Hills - 71st Av,F,TRUE,40.721691,-73.844521
454,Queens Boulevard,Forest Hills - 71st Av,M,TRUE,40.721691,-73.844521
455,Queens Boulevard,Forest Hills - 71st Av,R,TRUE,40.721691,-73.844521
456,Queens Boulevard,Grand Av - Newtown,M,TRUE,40.737015,-73.877223
457,Queens Boulevard,Grand Av - Newtown,R,TRUE,40.737015,-73.877223
458,Queens Boulevard,Jackson Heights - Roosevelt Av,E,TRUE,40.746644,-73.891338
459,Queens Boulevard,Jackson Heights - Roosevelt Av,F,TRUE,40.746644,-73.891338
460,Queens Boulevard,Jackson Heights - Roosevelt Av,M,TRUE,40.746644,-73.891338
461,Queens Boulevard,Jackson Heights - Roosevelt Av,R,TRUE,40.746644,-73.891338
462,Queens Boulevard,74th St - Broadway,7,TRUE,40.746644,-73.891338
463,Queens Boulevard,Jamaica - 179th St,F,FALSE,40.712646,-73.783817
464,Queens Boulevard,Kew Gardens - Union Turnpike,E,TRUE,40.714441,-73.831008
465,Queens Boulevard,Kew Gardens - Union Turnpike,F,TRUE,40.714441,-73.831008
466,Queens Boulevard,Lexington Av - 53rd St,E,TRUE,40.757552,-73.969055
467,Queens Boulevard,Lexington Av - 53rd St,M,TRUE,40.757552,-73.969055
469,Queens Boulevard,Northern Blvd,M,TRUE,40.752885,-73.906006
470,Queens Boulevard,Northern Blvd,R,TRUE,40.752885,-73.906006
471,Queens Boulevard,Parsons Blvd,F,FALSE,40.707564,-73.803326
472,Queens Boulevard,Queens Plaza,E,TRUE,40.748973,-73.937243
473,Queens Boulevard,Queens Plaza,M,TRUE,40.748973,-73.937243
474,Queens Boulevard,Queens Plaza,R,TRUE,40.748973,-73.937243
475,Queens Boulevard,Steinway St,M,TRUE,40.756879,-73.92074
476,Queens Boulevard,Steinway St,R,TRUE,40.756879,-73.92074
477,Queens Boulevard,Sutphin Blvd,F,FALSE,40.70546,-73.810708
478,Queens Boulevard,Woodhaven Blvd,M,TRUE,40.733106,-73.869229
479,Queens Boulevard,Woodhaven Blvd,R,TRUE,40.733106,-73.869229
480,Rockaway,Aqueduct - North Conduit Av,A2,TRUE,40.668234,-73.834058
481,Rockaway,Aqueduct - North Conduit Av,A3,TRUE,40.668234,-73.834058
482,Rockaway,Aqueduct Racetrack,A2,TRUE,40.672131,-73.835812
483,Rockaway,Aqueduct Racetrack,A3,TRUE,40.672131,-73.835812
484,Rockaway,Beach 105th St,A3,TRUE,40.583209,-73.827559
485,Rockaway,Beach 105th St,S3,TRUE,40.583209,-73.827559
486,Rockaway,Beach 25th St,A2,FALSE,40.600066,-73.761353
487,Rockaway,Beach 36th St,A2,FALSE,40.595398,-73.768175
488,Rockaway,Beach 44th St,A2,FALSE,40.592943,-73.776013
489,Rockaway,Beach 60th St,A2,FALSE,40.592374,-73.788522
490,Rockaway,Beach 67th St,A2,FALSE,40.590927,-73.796924
491,Rockaway,Beach 90th St,A3,TRUE,40.588034,-73.813641
492,Rockaway,Beach 90th St,S3,TRUE,40.588034,-73.813641
493,Rockaway,Beach 98th St,A3,TRUE,40.585307,-73.820558
494,Rockaway,Beach 98th St,S3,TRUE,40.585307,-73.820558
495,Rockaway,Broad Channel,A3,TRUE,40.608382,-73.815925
496,Rockaway,Broad Channel,S3,TRUE,40.608382,-73.815925
497,Rockaway,Far Rockaway - Mott Av,A2,TRUE,40.603995,-73.755405
499,Rockaway,Howard Beach - JFK Airport,A2,TRUE,40.660476,-73.830301
500,Rockaway,Howard Beach - JFK Airport,A3,TRUE,40.660476,-73.830301
501,Rockaway,Rockaway Park - Beach 116th St,A3,TRUE,40.580903,-73.835592
502,Rockaway,Rockaway Park - Beach 116th St,S3,TRUE,40.580903,-73.835592
503,Broadway-7th Ave,103rd St,1,FALSE,40.799446,-73.968379
504,Broadway-7th Ave,116th St - Columbia University,1,FALSE,40.807722,-73.96411
505,Broadway-7th Ave,125th St,1,FALSE,40.815581,-73.958372
506,Broadway-7th Ave,137th St - City College,1,FALSE,40.822008,-73.953676
507,Broadway-7th Ave,145th St,1,FALSE,40.826551,-73.95036
508,Broadway-7th Ave,157th St,1,FALSE,40.834041,-73.94489
509,Broadway-7th Ave,168th St,A,TRUE,40.840556,-73.940133
510,Broadway-7th Ave,168th St,C,TRUE,40.840556,-73.940133
511,Broadway-7th Ave,168th St,1,TRUE,40.840556,-73.940133
512,Broadway-7th Ave,181st St,1,FALSE,40.849505,-73.933596
513,Broadway-7th Ave,18th St,1,FALSE,40.74104,-73.997871
514,Broadway-7th Ave,191st St,1,FALSE,40.855225,-73.929412
515,Broadway-7th Ave,207th St,1,FALSE,40.864614,-73.918819
516,Broadway-7th Ave,215th St,1,FALSE,40.869444,-73.915279
517,Broadway-7th Ave,231st St,1,FALSE,40.878856,-73.904834
518,Broadway-7th Ave,238th St,1,FALSE,40.884667,-73.90087
519,Broadway-7th Ave,23rd St,1,FALSE,40.744081,-73.995657
520,Broadway-7th Ave,28th St,1,FALSE,40.747215,-73.993365
521,Broadway-7th Ave,34th St - Penn Station,1,TRUE,40.750373,-73.991057
522,Broadway-7th Ave,34th St - Penn Station,2,TRUE,40.750373,-73.991057
523,Broadway-7th Ave,34th St - Penn Station,3,TRUE,40.750373,-73.991057
524,Broadway-7th Ave,50th St,1,FALSE,40.761728,-73.983849
525,Broadway-7th Ave,66th St - Lincoln Center,1,FALSE,40.77344,-73.982209
526,Broadway-7th Ave,72nd St,1,TRUE,40.778453,-73.98197
527,Broadway-7th Ave,72nd St,2,TRUE,40.778453,-73.98197
528,Broadway-7th Ave,72nd St,3,TRUE,40.778453,-73.98197
529,Broadway-7th Ave,79th St,1,FALSE,40.783934,-73.979917
530,Broadway-7th Ave,86th St,1,FALSE,40.788644,-73.976218
531,Broadway-7th Ave,96th St,1,TRUE,40.793919,-73.972323
532,Broadway-7th Ave,96th St,2,TRUE,40.793919,-73.972323
533,Broadway-7th Ave,96th St,3,TRUE,40.793919,-73.972323
534,Broadway-7th Ave,Canal St,1,FALSE,40.722854,-74.006277
535,Broadway-7th Ave,Cathedral Parkway - 110th St,1,FALSE,40.803967,-73.966847
536,Broadway-7th Ave,Chambers St,1,TRUE,40.715478,-74.009266
537,Broadway-7th Ave,Chambers St,2,TRUE,40.715478,-74.009266
538,Broadway-7th Ave,Chambers St,3,TRUE,40.715478,-74.009266
539,Broadway-7th Ave,Christopher St,1,FALSE,40.733422,-74.002906
540,Broadway-7th Ave,WTC - Cortlandt,1,FALSE,40.712188,-74.012188
541,Broadway-7th Ave,Dyckman St,1,FALSE,40.860531,-73.925536
542,Broadway-7th Ave,Franklin St,1,FALSE,40.719318,-74.006886
543,Broadway-7th Ave,Houston St,1,FALSE,40.728251,-74.005367
544,Broadway-7th Ave,Marble Hill - 225th St,1,FALSE,40.874561,-73.909831
545,Broadway-7th Ave,Rector St,1,FALSE,40.707513,-74.013783
546,Broadway-7th Ave,Van Cortlandt Park - 242nd St,1,FALSE,40.889248,-73.898583
547,Clark,Court St,R,TRUE,40.693219,-73.989998
548,Clark,Borough Hall,2,TRUE,40.693219,-73.989998
549,Clark,Borough Hall,3,TRUE,40.693219,-73.989998
550,Clark,Borough Hall,4,TRUE,40.693219,-73.989998
551,Clark,Borough Hall,5,TRUE,40.693219,-73.989998
552,Clark,Clark St,2,TRUE,40.697466,-73.993086
553,Clark,Clark St,3,TRUE,40.697466,-73.993086
554,Clark,Fulton St,A,TRUE,40.709416,-74.006571
555,Clark,Fulton St,C,TRUE,40.709416,-74.006571
556,Clark,Fulton St,J,TRUE,40.709416,-74.006571
557,Clark,Fulton St,Z,TRUE,40.709416,-74.006571
558,Clark,Fulton St,2,TRUE,40.709416,-74.006571
559,Clark,Fulton St,3,TRUE,40.709416,-74.006571
560,Clark,Fulton St,4,TRUE,40.709416,-74.006571
561,Clark,Fulton St,5,TRUE,40.709416,-74.006571
562,Clark,Wall St,2,TRUE,40.706821,-74.0091
563,Clark,Wall St,3,TRUE,40.706821,-74.0091
564,Dyre Av,Baychester Av,5,FALSE,40.878663,-73.838591
565,Dyre Av,Eastchester - Dyre Av,5,FALSE,40.8883,-73.830834
566,Dyre Av,Gun Hill Rd,5,FALSE,40.869526,-73.846384
567,Dyre Av,Morris Park,5,FALSE,40.854364,-73.860495
568,Dyre Av,Pelham Parkway,5,FALSE,40.858985,-73.855359
569,Eastern Parkway,Bergen St,2,TRUE,40.680829,-73.975098
570,Eastern Parkway,Bergen St,3,TRUE,40.680829,-73.975098
571,Eastern Parkway,Eastern Parkway - Brooklyn Museum,2,TRUE,40.671987,-73.964375
572,Eastern Parkway,Eastern Parkway - Brooklyn Museum,3,TRUE,40.671987,-73.964375
573,Eastern Parkway,Botanic Garden,S2,TRUE,40.670682,-73.958131
574,Eastern Parkway,Franklin Av,2,TRUE,40.670682,-73.958131
575,Eastern Parkway,Franklin Av,3,TRUE,40.670682,-73.958131
576,Eastern Parkway,Franklin Av,4,TRUE,40.670682,-73.958131
577,Eastern Parkway,Franklin Av,5,TRUE,40.670682,-73.958131
578,Eastern Parkway,Grand Army Plaza,2,TRUE,40.675235,-73.971046
579,Eastern Parkway,Grand Army Plaza,3,TRUE,40.675235,-73.971046
580,Eastern Parkway,Hoyt St,2,TRUE,40.690545,-73.985065
581,Eastern Parkway,Hoyt St,3,TRUE,40.690545,-73.985065
582,Eastern Parkway,Kingston Av,3,FALSE,40.669399,-73.942161
583,Eastern Parkway,Nevins St,2,TRUE,40.688246,-73.980492
584,Eastern Parkway,Nevins St,3,TRUE,40.688246,-73.980492
585,Eastern Parkway,Nevins St,4,TRUE,40.688246,-73.980492
586,Eastern Parkway,Nevins St,5,TRUE,40.688246,-73.980492
587,Eastern Parkway,Nostrand Av,3,FALSE,40.669847,-73.950466
588,Eastern Parkway,Crown Heights - Utica Av,3,TRUE,40.668897,-73.932942
589,Eastern Parkway,Crown Heights - Utica Av,4,TRUE,40.668897,-73.932942
590,Flushing,103rd St,7,FALSE,40.749865,-73.8627
591,Flushing,111th St,7,FALSE,40.75173,-73.855334
592,Flushing,34th St - Hudson Yards,7,FALSE,40.755882,-74.00191
593,Flushing,Court Square - 23 St,E,TRUE,40.747023,-73.945264
594,Flushing,Court Square - 23 St,G,TRUE,40.747023,-73.945264
595,Flushing,Court Square - 23 St,M,TRUE,40.747023,-73.945264
596,Flushing,Court Square - 23 St,7,TRUE,40.747023,-73.945264
597,Flushing,82nd St - Jackson Heights,7,FALSE,40.747659,-73.883697
598,Flushing,90th St Elmhurst,7,FALSE,40.748408,-73.876613
599,Flushing,46th St - Bliss St,7,FALSE,40.743132,-73.918435
600,Flushing,69th St - Fisk Av,7,FALSE,40.746325,-73.896403
601,Flushing,Flushing - Main St,7,FALSE,40.7596,-73.83003
602,Flushing,Grand Central - 42nd St,4,TRUE,40.751431,-73.976041
603,Flushing,Grand Central - 42nd St,5,TRUE,40.751431,-73.976041
604,Flushing,Grand Central - 42nd St,6,TRUE,40.751431,-73.976041
605,Flushing,Grand Central - 42nd St,7,TRUE,40.751431,-73.976041
606,Flushing,Grand Central - 42nd St,S1,TRUE,40.751431,-73.976041
607,Flushing,Hunters Point Av,7,FALSE,40.742216,-73.948916
608,Flushing,Junction Blvd,7,FALSE,40.749145,-73.869527
609,Flushing,52nd St - Lincoln Av,7,FALSE,40.744149,-73.912549
610,Flushing,40th St - Lowery St,7,FALSE,40.743781,-73.924016
611,Flushing,Mets - Willets Point,7,FALSE,40.754622,-73.845625
612,Flushing,Queensboro Plaza,N,TRUE,40.750582,-73.940202
613,Flushing,Queensboro Plaza,W,TRUE,40.750582,-73.940202
614,Flushing,Queensboro Plaza,7,TRUE,40.750582,-73.940202
615,Flushing,33rd St - Rawson St,7,FALSE,40.744587,-73.930997
616,Flushing,Vernon Blvd - Jackson Av,7,FALSE,40.742626,-73.953581
617,Flushing,61st St - Woodside,7,FALSE,40.74563,-73.902984
618,Jerome,138th St,4,TRUE,40.813224,-73.929849
619,Jerome,138th St,5,TRUE,40.813224,-73.929849
620,Jerome,149th St - Grand Concourse,2,TRUE,40.818375,-73.927351
621,Jerome,149th St - Grand Concourse,4,TRUE,40.818375,-73.927351
622,Jerome,149th St - Grand Concourse,5,TRUE,40.818375,-73.927351
623,Jerome,167th St,4,FALSE,40.835537,-73.9214
624,Jerome,170th St,4,FALSE,40.840075,-73.917791
625,Jerome,176th St,4,FALSE,40.84848,-73.911794
626,Jerome,183rd St,4,FALSE,40.858407,-73.903879
627,Jerome,Bedford Park Blvd - Lehman College,4,FALSE,40.873412,-73.890064
628,Jerome,Burnside Av,4,FALSE,40.853453,-73.907684
629,Jerome,Fordham Rd,4,FALSE,40.862803,-73.901034
630,Jerome,Kingsbridge Rd,4,FALSE,40.86776,-73.897174
631,Jerome,Mosholu Parkway,4,FALSE,40.87975,-73.884655
632,Jerome,Mt Eden Av,4,FALSE,40.844434,-73.914685
633,Jerome,Woodlawn,4,FALSE,40.886037,-73.878751
634,Jerome,161st St - Yankee Stadium,B,TRUE,40.827994,-73.925831
635,Jerome,161st St - Yankee Stadium,D,TRUE,40.827994,-73.925831
636,Jerome,161st St - Yankee Stadium,4,TRUE,40.827994,-73.925831
637,Lenox,Central Park North (110 St),2,TRUE,40.799075,-73.951822
638,Lenox,Central Park North (110 St),3,TRUE,40.799075,-73.951822
639,Lenox,116th St,2,TRUE,40.802098,-73.949625
640,Lenox,116th St,3,TRUE,40.802098,-73.949625
641,Lenox,125th St,2,TRUE,40.807754,-73.945495
642,Lenox,125th St,3,TRUE,40.807754,-73.945495
643,Lenox,135th St,2,TRUE,40.814229,-73.94077
644,Lenox,135th St,3,TRUE,40.814229,-73.94077
645,Lenox,145th St,3,FALSE,40.820421,-73.936245
646,Lenox,Harlem - 148th St,3,FALSE,40.82388,-73.93647
647,Lexington,103rd St,6,FALSE,40.7906,-73.947478
648,Lexington,110th St,6,FALSE,40.79502,-73.94425
649,Lexington,116th St,6,FALSE,40.798629,-73.941617
650,Lexington,125th St,4,TRUE,40.804138,-73.937594
651,Lexington,125th St,5,TRUE,40.804138,-73.937594
652,Lexington,125th St,6,TRUE,40.804138,-73.937594
653,Lexington,23rd St,6,FALSE,40.739864,-73.986599
654,Lexington,28th St,6,FALSE,40.74307,-73.984264
655,Lexington,33rd St,6,FALSE,40.746081,-73.982076
658,Lexington,51st St,6,TRUE,40.757107,-73.97192
659,Lexington,68th St - Hunter College,6,FALSE,40.768141,-73.96387
660,Lexington,77th St,6,FALSE,40.77362,-73.959874
661,Lexington,86th St,4,TRUE,40.779492,-73.955589
662,Lexington,86th St,5,TRUE,40.779492,-73.955589
663,Lexington,86th St,6,TRUE,40.779492,-73.955589
664,Lexington,96th St,6,FALSE,40.785672,-73.95107
665,Lexington,Astor Place,6,FALSE,40.730054,-73.99107
666,Lexington,Bowling Green,4,TRUE,40.704817,-74.014065
667,Lexington,Bowling Green,5,TRUE,40.704817,-74.014065
668,Lexington,Chambers St,J,TRUE,40.713065,-74.004131
669,Lexington,Chambers St,Z,TRUE,40.713065,-74.004131
670,Lexington,Brooklyn Bridge - City Hall,4,TRUE,40.713065,-74.004131
671,Lexington,Brooklyn Bridge - City Hall,5,TRUE,40.713065,-74.004131
672,Lexington,Brooklyn Bridge - City Hall,6,TRUE,40.713065,-74.004131
673,Lexington,Spring St,6,FALSE,40.722301,-73.997141
674,Lexington,Wall St,4,TRUE,40.707557,-74.011862
675,Lexington,Wall St,5,TRUE,40.707557,-74.011862
676,New Lots,Junius St,3,FALSE,40.663515,-73.902447
677,New Lots,New Lots Av,3,FALSE,40.666235,-73.884079
678,New Lots,Pennsylvania Av,3,FALSE,40.664635,-73.894895
679,New Lots,Rockaway Av,3,FALSE,40.662549,-73.908946
680,New Lots,Saratoga Av,3,FALSE,40.661453,-73.916327
681,New Lots,Sutter Av,3,FALSE,40.664717,-73.92261
682,New Lots,Van Siclen Av,3,FALSE,40.665449,-73.889395
683,Nostrand,Beverly Rd,2,TRUE,40.645098,-73.948959
684,Nostrand,Beverly Rd,5,TRUE,40.645098,-73.948959
685,Nostrand,Church Av,2,TRUE,40.650843,-73.949575
686,Nostrand,Church Av,5,TRUE,40.650843,-73.949575
687,Nostrand,Flatbush Av - Brooklyn College,2,TRUE,40.632836,-73.947642
688,Nostrand,Flatbush Av - Brooklyn College,5,TRUE,40.632836,-73.947642
689,Nostrand,Newkirk Av,2,TRUE,40.639967,-73.948411
690,Nostrand,Newkirk Av,5,TRUE,40.639967,-73.948411
691,Nostrand,President St,2,TRUE,40.667883,-73.950683
692,Nostrand,President St,5,TRUE,40.667883,-73.950683
693,Nostrand,Sterling St,2,TRUE,40.662742,-73.95085
694,Nostrand,Sterling St,5,TRUE,40.662742,-73.95085
695,Nostrand,Winthrop St,2,TRUE,40.656652,-73.9502
696,Nostrand,Winthrop St,5,TRUE,40.656652,-73.9502
697,Pelham,3rd Ave - 138th St,6,FALSE,40.810476,-73.926138
698,Pelham,Brook Av,6,FALSE,40.807566,-73.91924
699,Pelham,Buhre Av,6,FALSE,40.84681,-73.832569
700,Pelham,Castle Hill Av,6,FALSE,40.834255,-73.851222
701,Pelham,Cypress Av,6,FALSE,40.805368,-73.914042
702,Pelham,E 143rd St - St Mary's St,6,FALSE,40.808719,-73.907657
703,Pelham,E 149th St,6,FALSE,40.812118,-73.904098
704,Pelham,Elder Av,6,FALSE,40.828584,-73.879159
705,Pelham,Hunts Point Av,6,FALSE,40.820948,-73.890549
706,Pelham,Longwood Av,6,FALSE,40.816104,-73.896435
707,Pelham,Middletown Rd,6,FALSE,40.843863,-73.836322
708,Pelham,Morrison Av - Soundview Av,6,FALSE,40.829521,-73.874516
709,Pelham,Parkchester,6,FALSE,40.833226,-73.860816
710,Pelham,Pelham Bay Park,6,FALSE,40.852462,-73.828121
711,Pelham,St Lawrence Av,6,FALSE,40.831509,-73.867618
712,Pelham,Westchester Square - East Tremont Av,6,FALSE,40.839892,-73.842952
713,Pelham,Whitlock Av,6,FALSE,40.826525,-73.886283
714,Pelham,Zerega Av,6,FALSE,40.836488,-73.847036
715,White Plains Road,3rd Av - 149th St,2,TRUE,40.816109,-73.917757
716,White Plains Road,3rd Av - 149th St,5,TRUE,40.816109,-73.917757
717,White Plains Road,174th St,2,TRUE,40.837288,-73.887734
718,White Plains Road,174th St,5,TRUE,40.837288,-73.887734
719,White Plains Road,219th St,2,TRUE,40.883895,-73.862633
721,White Plains Road,225th St,2,TRUE,40.888022,-73.860341
723,White Plains Road,233rd St,2,TRUE,40.893193,-73.857473
725,White Plains Road,Nereid Av,2,TRUE,40.898379,-73.854376
727,White Plains Road,Allerton Av,2,TRUE,40.865462,-73.867352
729,White Plains Road,Bronx Park East,2,TRUE,40.848828,-73.868457
731,White Plains Road,Burke Av,2,TRUE,40.871356,-73.867164
733,White Plains Road,East 180th St,2,TRUE,40.841894,-73.873488
734,White Plains Road,East 180th St,5,TRUE,40.841894,-73.873488
735,White Plains Road,West Farms Square - East Tremont Av,2,TRUE,40.840295,-73.880049
736,White Plains Road,West Farms Square - East Tremont Av,5,TRUE,40.840295,-73.880049
737,White Plains Road,Freeman St,2,TRUE,40.829993,-73.891865
738,White Plains Road,Freeman St,5,TRUE,40.829993,-73.891865
739,White Plains Road,Gun Hill Rd,2,TRUE,40.87785,-73.866256
741,White Plains Road,Intervale Av,2,TRUE,40.822181,-73.896736
742,White Plains Road,Intervale Av,5,TRUE,40.822181,-73.896736
743,White Plains Road,Jackson Av,2,TRUE,40.81649,-73.907807
744,White Plains Road,Jackson Av,5,TRUE,40.81649,-73.907807
745,White Plains Road,Pelham Parkway,2,TRUE,40.857192,-73.867615
746,Liberty,Rockaway Blvd,A3,TRUE,40.680429,-73.843853
747,White Plains Road,Prospect Av,2,TRUE,40.819585,-73.90177
748,White Plains Road,Prospect Av,5,TRUE,40.819585,-73.90177
749,White Plains Road,Simpson St,2,TRUE,40.824073,-73.893064
750,White Plains Road,Simpson St,5,TRUE,40.824073,-73.893064
751,White Plains Road,Wakefield - 241st St,2,TRUE,40.903125,-73.85062
752,Liberty,Rockaway Blvd,A2,TRUE,40.680429,-73.843853
753,2 Avenue,72nd St,Q,TRUE,40.768878,-73.957563
754,2 Avenue,86th St,Q,TRUE,40.777989,-73.951589
755,2 Avenue,96th St,Q,TRUE,40.783692,-73.947658
756,Broadway Jamaica,Alabama Av,Z,TRUE,40.676992,-73.898654
757,Broadway,City Hall,W,TRUE,40.713282,-74.006978
758,Queens Boulevard,Briarwood - Van Wyck Blvd,E,TRUE,40.709179,-73.820574
759,Broadway Jamaica,Lorimer St,J,TRUE,40.703957,-73.947374
760,Broadway Jamaica,Lorimer St,M,TRUE,40.703957,-73.947374
761,Crosstown,Church Av,G,TRUE,40.644041,-73.979678
762,Crosstown,Fort Hamilton Parkway,G,TRUE,40.650782,-73.975776
763,Crosstown,15 St - Prospect Park,G,TRUE,40.660365,-73.979493
764,6 Avenue,7th Av,G,TRUE,40.666271,-73.980305
