Stop ID,Neighborhood,Station Name,Line,canTransfer,Latitude,Longitude
1,4 Avenue,25th St,R,FALSE,40.660396999999996,-73.998091
2,4 Avenue,36th St,D,TRUE,40.655144,-74.00354899999999
3,4 Avenue,36th St,N,TRUE,40.655144,-74.00354899999999
4,4 Avenue,36th St,R,TRUE,40.655144,-74.00354899999999
5,4 Avenue,45th St,R,FALSE,40.648939,-74.010006
6,4 Avenue,53rd St,R,FALSE,40.645069,-74.014034
7,4 Avenue,59th St,N,TRUE,40.641362,-74.017881
8,4 Avenue,59th St,R,TRUE,40.641362,-74.017881
9,4 Avenue,77th St,R,FALSE,40.629742,-74.02551
10,4 Avenue,86th St,R,FALSE,40.622687,-74.028398
11,4 Avenue,95th St,R,FALSE,40.616622,-74.030876
12,4 Avenue,4th Av - 9th St,F,TRUE,40.670846999999995,-73.988302
13,4 Avenue,4th Av - 9th St,G,TRUE,40.670846999999995,-73.988302
14,4 Avenue,4th Av - 9th St,R,TRUE,40.670846999999995,-73.988302
15,4 Avenue,Atlantic Av - Barclays Ctr,B,TRUE,40.683665999999995,-73.97881
16,4 Avenue,Atlantic Av - Barclays Ctr,Q,TRUE,40.683665999999995,-73.97881
17,4 Avenue,Atlantic Av - Barclays Ctr,D,TRUE,40.683665999999995,-73.97881
18,4 Avenue,Atlantic Av - Barclays Ctr,N,TRUE,40.683665999999995,-73.97881
19,4 Avenue,Atlantic Av - Barclays Ctr,R,TRUE,40.683665999999995,-73.97881
20,4 Avenue,Atlantic Av - Barclays Ctr,2,TRUE,40.683665999999995,-73.97881
21,4 Avenue,Atlantic Av - Barclays Ctr,3,TRUE,40.683665999999995,-73.97881
22,4 Avenue,Atlantic Av - Barclays Ctr,4,TRUE,40.683665999999995,-73.97881
23,4 Avenue,Atlantic Av - Barclays Ctr,5,TRUE,40.683665999999995,-73.97881
24,4 Avenue,Bay Ridge Av,R,FALSE,40.634966999999996,-74.023377
25,4 Avenue,DeKalb Av,B,TRUE,40.690635,-73.981824
26,4 Avenue,DeKalb Av,Q,TRUE,40.690635,-73.981824
27,4 Avenue,DeKalb Av,R,TRUE,40.690635,-73.981824
28,4 Avenue,Prospect Av,R,FALSE,40.665414,-73.99287199999999
29,4 Avenue,Union St,R,FALSE,40.677316,-73.98311
30,Astoria,30 Av,N,TRUE,40.766779,-73.921479
31,Astoria,30 Av,W,TRUE,40.766779,-73.921479
32,Astoria,36 Av,N,TRUE,40.756803999999995,-73.929575
33,Astoria,36 Av,W,TRUE,40.756803999999995,-73.929575
34,Astoria,39 Av,N,TRUE,40.752882,-73.932755
35,Astoria,39 Av,W,TRUE,40.752882,-73.932755
36,Astoria,Astoria Blvd,N,TRUE,40.770258,-73.917843
37,Astoria,Astoria Blvd,W,TRUE,40.770258,-73.917843
38,Astoria,Broadway,N,TRUE,40.76182,-73.925508
39,Astoria,Broadway,W,TRUE,40.76182,-73.925508
40,Astoria,Astoria - Ditmars Blvd,N,TRUE,40.775036,-73.91203399999999
41,Astoria,Astoria - Ditmars Blvd,W,TRUE,40.775036,-73.91203399999999
42,Brighton,7th Av,B,TRUE,40.67705,-73.972367
43,Brighton,7th Av,Q,TRUE,40.67705,-73.972367
44,Brighton,Av H,FALSE,40.62927,-73.961639,
45,Brighton,Av ,Q,FALSE,40.62927,-73.961639
46,Brighton,Av J,FALSE,40.625039,-73.960803,
47,Brighton,Av ,Q,FALSE,40.625039,-73.960803
48,Brighton,Av M,FALSE,40.617618,-73.959399,
49,Brighton,Av ,Q,FALSE,40.617618,-73.959399
50,Brighton,Av U,FALSE,40.5993,-73.955929,
51,Brighton,Av ,Q,FALSE,40.5993,-73.955929
52,Brighton,Beverly Rd,Q,FALSE,40.644031,-73.964492
53,Brighton,Brighton Beach,B,TRUE,40.577621,-73.961376
54,Brighton,Brighton Beach,Q,TRUE,40.577621,-73.961376
55,Brighton,Church Av,B,TRUE,40.650527000000004,-73.962982
56,Brighton,Church Av,Q,TRUE,40.650527000000004,-73.962982
57,Brighton,Cortelyou Rd,Q,FALSE,40.640927000000005,-73.963891
58,Brighton,Kings Highway,B,TRUE,40.608670000000004,-73.957734
59,Brighton,Kings Highway,Q,TRUE,40.608670000000004,-73.957734
60,Brighton,Neck Rd,Q,FALSE,40.595246,-73.955161
61,Brighton,Newkirk Av,B,TRUE,40.635082000000004,-73.962793
62,Brighton,Newkirk Av,Q,TRUE,40.635082000000004,-73.962793
63,Brighton,Ocean Parkway,Q,FALSE,40.576312,-73.968501
64,Brighton,Parkside Av,Q,FALSE,40.655291999999996,-73.961495
65,Brighton,Prospect Park,B,TRUE,40.661614,-73.962246
66,Brighton,Prospect Park,Q,TRUE,40.661614,-73.962246
67,Brighton,Prospect Park,S2,TRUE,40.661614,-73.962246
68,Brighton,Sheepshead Bay,B,TRUE,40.586896,-73.954155
69,Brighton,Sheepshead Bay,Q,TRUE,40.586896,-73.954155
70,Brighton,Stillwell Av,D,TRUE,40.577422,-73.98123299999999
71,Brighton,Stillwell Av,F,TRUE,40.577422,-73.98123299999999
72,Brighton,Stillwell Av,N,TRUE,40.577422,-73.98123299999999
73,Brighton,Stillwell Av,Q,TRUE,40.577422,-73.98123299999999
74,Brighton,West 8th St - New York Aquarium,F,TRUE,40.576127,-73.975939
75,Brighton,West 8th St - New York Aquarium,Q,TRUE,40.576127,-73.975939
76,Broadway,23rd St,R,TRUE,40.741303,-73.98934399999999
77,Broadway,23rd St,W,TRUE,40.741303,-73.98934399999999
78,Broadway,28th St,R,TRUE,40.745494,-73.988691
79,Broadway,28th St,W,TRUE,40.745494,-73.988691
80,Broadway,34th St - Herald Sq,B,TRUE,40.749567,-73.98795
81,Broadway,34th St - Herald Sq,D,TRUE,40.749567,-73.98795
82,Broadway,34th St - Herald Sq,F,TRUE,40.749567,-73.98795
83,Broadway,34th St - Herald Sq,M,TRUE,40.749567,-73.98795
84,Broadway,34th St - Herald Sq,N,TRUE,40.749567,-73.98795
85,Broadway,34th St - Herald Sq,Q,TRUE,40.749567,-73.98795
86,Broadway,34th St - Herald Sq,R,TRUE,40.749567,-73.98795
87,Broadway,34th St - Herald Sq,W,TRUE,40.749567,-73.98795
88,Broadway,49th St,N,TRUE,40.759901,-73.984139
89,Broadway,49th St,R,TRUE,40.759901,-73.984139
90,Broadway,49th St,W,TRUE,40.759901,-73.984139
91,Broadway,57th St - 7th Av,N,TRUE,40.764664,-73.98065799999999
92,Broadway,57th St - 7th Av,Q,TRUE,40.764664,-73.98065799999999
93,Broadway,57th St - 7th Av,R,TRUE,40.764664,-73.98065799999999
94,Broadway,57th St - 7th Av,W,TRUE,40.764664,-73.98065799999999
95,Broadway,5th Av - 59 St,N,TRUE,40.764811,-73.973347
96,Broadway,5th Av - 59 St,R,TRUE,40.764811,-73.973347
97,Broadway,5th Av - 59 St,W,TRUE,40.764811,-73.973347
98,Broadway,8th St - NYU,R,TRUE,40.730328,-73.99262900000001
99,Broadway,8th St - NYU,W,TRUE,40.730328,-73.99262900000001
100,Broadway,Canal St,J,TRUE,40.719527,-74.001775
101,Broadway,Canal St,N,TRUE,40.719527,-74.001775
102,Broadway,Canal St,Q,TRUE,40.719527,-74.001775
103,Broadway,Canal St,R,TRUE,40.719527,-74.001775
104,Broadway,Canal St,W,TRUE,40.719527,-74.001775
105,Broadway,Canal St,Z,TRUE,40.719527,-74.001775
106,Broadway,Canal St,6,TRUE,40.719527,-74.001775
107,Broadway,City Hall,R,FALSE,40.713282,-74.006978
108,Broadway,Cortlandt St,R,TRUE,40.710668,-74.01102900000001
109,Broadway,Cortlandt St,W,TRUE,40.710668,-74.01102900000001
110,Broadway,Jay St - Metrotech,A,TRUE,40.69218,-73.98594200000001
111,Broadway,Jay St - Metrotech,C,TRUE,40.69218,-73.98594200000001
112,Broadway,Jay St - Metrotech,F,TRUE,40.69218,-73.98594200000001
113,Broadway,Jay St - Metrotech,R,TRUE,40.69218,-73.98594200000001
114,Broadway,Lexington Av - 59th St,N,TRUE,40.76266,-73.967258
115,Broadway,Lexington Av - 59th St,R,TRUE,40.76266,-73.967258
116,Broadway,Lexington Av - 59th St,W,TRUE,40.76266,-73.967258
117,Broadway,Lexington Av - 59th St,4,TRUE,40.76266,-73.967258
118,Broadway,Lexington Av - 59th St,5,TRUE,40.76266,-73.967258
119,Broadway,Lexington Av - 59th St,6,TRUE,40.76266,-73.967258
120,Broadway,Prince St,N,TRUE,40.724329,-73.997702
121,Broadway,Prince St,R,TRUE,40.724329,-73.997702
122,Broadway,Rector St,R,TRUE,40.70722,-74.01334200000001
123,Broadway,Rector St,W,TRUE,40.70722,-74.01334200000001
124,Broadway,Times Square - 42nd St ,A,TRUE,40.754672,-73.986754
125,Broadway,Times Square - 42nd St ,C,TRUE,40.754672,-73.986754
126,Broadway,Times Square - 42nd St ,E,TRUE,40.754672,-73.986754
127,Broadway,Times Square - 42nd St ,N,TRUE,40.754672,-73.986754
128,Broadway,Times Square - 42nd St ,Q,TRUE,40.754672,-73.986754
129,Broadway,Times Square - 42nd St ,R,TRUE,40.754672,-73.986754
130,Broadway,Times Square - 42nd St ,W,TRUE,40.754672,-73.986754
131,Broadway,Times Square - 42nd St ,1,TRUE,40.754672,-73.986754
132,Broadway,Times Square - 42nd St ,2,TRUE,40.754672,-73.986754
133,Broadway,Times Square - 42nd St ,3,TRUE,40.754672,-73.986754
134,Broadway,Times Square - 42nd St ,7,TRUE,40.754672,-73.986754
135,Broadway,Times Square - 42nd St ,S1,TRUE,40.754672,-73.986754
136,Broadway,14th St - Union Square,L,TRUE,40.735735999999996,-73.99056800000001
137,Broadway,14th St - Union Square,N,TRUE,40.735735999999996,-73.99056800000001
138,Broadway,14th St - Union Square,Q,TRUE,40.735735999999996,-73.99056800000001
139,Broadway,14th St - Union Square,R,TRUE,40.735735999999996,-73.99056800000001
140,Broadway,14th St - Union Square,W,TRUE,40.735735999999996,-73.99056800000001
141,Broadway,14th St - Union Square,4,TRUE,40.735735999999996,-73.99056800000001
142,Broadway,14th St - Union Square,5,TRUE,40.735735999999996,-73.99056800000001
143,Broadway,14th St - Union Square,6,TRUE,40.735735999999996,-73.99056800000001
144,Broadway,Whitehall St - South Ferry,R,TRUE,40.703087,-74.01299399999999
145,Broadway,Whitehall St - South Ferry,W,TRUE,40.703087,-74.01299399999999
146,Broadway,Whitehall St - South Ferry,1,TRUE,40.703087,-74.01299399999999
147,Broadway Jamaica,104th St,J,TRUE,40.695178000000006,-73.84433
148,Broadway Jamaica,104th St,Z,TRUE,40.695178000000006,-73.84433
149,Broadway Jamaica,111th St,J,FALSE,40.697418,-73.836345
150,Broadway Jamaica,121st St,J,TRUE,40.700492,-73.828294
151,Broadway Jamaica,121st St,Z,TRUE,40.700492,-73.828294
152,Broadway Jamaica,Alabama Av,J,FALSE,40.676992,-73.89865400000001
153,Broadway Jamaica,Chauncey St,J,TRUE,40.682893,-73.91045600000001
154,Broadway Jamaica,Chauncey St,Z,TRUE,40.682893,-73.91045600000001
155,Broadway Jamaica,Cleveland St,J,FALSE,40.679947,-73.884639
156,Broadway Jamaica,Crescent St,J,TRUE,40.683194,-73.873785
157,Broadway Jamaica,Crescent St,Z,TRUE,40.683194,-73.873785
158,Broadway Jamaica,Cypress Hills,J,FALSE,40.689941,-73.87255
159,Broadway Jamaica,75th St - Elderts Ln,J,TRUE,40.691324,-73.867139
160,Broadway Jamaica,75th St - Elderts Ln,Z,TRUE,40.691324,-73.867139
161,Broadway Jamaica,Flushing Av,J,TRUE,40.70026,-73.941126
162,Broadway Jamaica,Flushing Av,M,TRUE,40.70026,-73.941126
163,Broadway Jamaica,85th St - Forest Parkway,J,FALSE,40.692434999999996,-73.86001
164,Broadway Jamaica,Gates Av,J,TRUE,40.68963,-73.92227
165,Broadway Jamaica,Gates Av,Z,TRUE,40.68963,-73.92227
166,Broadway Jamaica,Halsey St,J,FALSE,40.686370000000004,-73.91655899999999
167,Broadway Jamaica,Hewes St,J,TRUE,40.70687,-73.95343100000001
168,Broadway Jamaica,Hewes St,M,TRUE,40.70687,-73.95343100000001
169,Broadway Jamaica,Kosciusko St,J,FALSE,40.693342,-73.928814
170,Broadway Jamaica,Marcy Av,J,TRUE,40.708359,-73.957757
171,Broadway Jamaica,Marcy Av,M,TRUE,40.708359,-73.957757
172,Broadway Jamaica,Marcy Av,Z,TRUE,40.708359,-73.957757
173,Broadway Jamaica,Myrtle Av,J,TRUE,40.697207,-73.93565699999999
174,Broadway Jamaica,Myrtle Av,M,TRUE,40.697207,-73.93565699999999
175,Broadway Jamaica,Myrtle Av,Z,TRUE,40.697207,-73.93565699999999
176,Broadway Jamaica,Norwood Av,J,TRUE,40.68141,-73.880039
177,Broadway Jamaica,Norwood Av,Z,TRUE,40.68141,-73.880039
178,Broadway Jamaica,Van Siclen Av,J,TRUE,40.678024,-73.891688
179,Broadway Jamaica,Van Siclen Av,Z,TRUE,40.678024,-73.891688
180,Broadway Jamaica,Woodhaven Blvd,J,TRUE,40.693878999999995,-73.851576
181,Broadway Jamaica,Woodhaven Blvd,Z,TRUE,40.693878999999995,-73.851576
182,Canarsie,1st Av,L,FALSE,40.730953,-73.981628
183,Canarsie,3rd Av,L,FALSE,40.732849,-73.986122
184,Canarsie,14th St - 8 Av,A,TRUE,40.739777000000004,-74.002578
185,Canarsie,14th St - 8 Av,C,TRUE,40.739777000000004,-74.002578
186,Canarsie,14th St - 8 Av,E,TRUE,40.739777000000004,-74.002578
187,Canarsie,14th St - 8 Av,L,TRUE,40.739777000000004,-74.002578
188,Canarsie,Atlantic Av,L,FALSE,40.675345,-73.903097
189,Canarsie,Bedford Av,L,FALSE,40.717304,-73.956872
190,Canarsie,Bushwick Av,L,FALSE,40.682829,-73.905249
191,Canarsie,Canarsie - Rockaway Parkway,L,FALSE,40.645957,-73.901741
192,Canarsie,Canarsie - Rockaway Parkway,L,FALSE,40.645757,-73.9025
193,Canarsie,Canarsie - Rockaway Parkway,L,FALSE,40.646654,-73.90185
194,Canarsie,DeKalb Av,L,FALSE,40.703811,-73.918425
195,Canarsie,East 105th St,L,FALSE,40.650573,-73.899485
196,Canarsie,Graham Av,L,FALSE,40.714565,-73.944053
197,Canarsie,Grand St,L,FALSE,40.711926,-73.94067
198,Canarsie,Halsey St,L,FALSE,40.695602,-73.904084
199,Canarsie,Jefferson St,L,FALSE,40.706607,-73.922913
200,Canarsie,Livonia Av,L,FALSE,40.664038,-73.900571
201,Canarsie,Lorimer St - Metropolitan Av,G,TRUE,40.714063,-73.950275
202,Canarsie,Lorimer St - Metropolitan Av,L,TRUE,40.714063,-73.950275
203,Canarsie,Montrose Av,L,FALSE,40.707739000000004,-73.93985
204,Canarsie,Morgan Av,L,FALSE,40.706152,-73.93314699999999
205,Canarsie,Myrtle - Wyckoff Avs,L,TRUE,40.699814,-73.911586
206,Canarsie,Myrtle - Wyckoff Avs,M,TRUE,40.699814,-73.911586
207,Canarsie,New Lots Av,L,FALSE,40.658733000000005,-73.899232
208,Canarsie,Sutter Av,L,FALSE,40.669367,-73.901975
209,Canarsie,Wilson Av,L,FALSE,40.688764,-73.904046
210,Franklin,Franklin Av,C,TRUE,40.680596,-73.955827
211,Franklin,Franklin Av,S2,TRUE,40.680596,-73.955827
212,Franklin,Park Place,S2,FALSE,40.674772,-73.957624
213,Myrtle,Central Av,M,FALSE,40.697857,-73.927397
214,Myrtle,Forest Av,M,FALSE,40.704423,-73.903077
215,Myrtle,Fresh Pond Rd,M,FALSE,40.706185999999995,-73.895877
216,Myrtle,Knickerbocker Av,M,FALSE,40.698664,-73.91971099999999
217,Myrtle,Middle Village - Metropolitan Av,M,FALSE,40.711396,-73.889601
218,Myrtle,Seneca Av,M,FALSE,40.702762,-73.90774
219,Nassau,Bowery,J,TRUE,40.720279999999995,-73.993915
220,Nassau,Bowery,Z,TRUE,40.720279999999995,-73.993915
221,Nassau,Broad St,J,TRUE,40.706476,-74.01105600000001
222,Nassau,Broad St,Z,TRUE,40.706476,-74.01105600000001
223,Sea Beach,18th Av,N,FALSE,40.620671,-73.990414
224,Sea Beach,20th Av,N,FALSE,40.61741,-73.985026
225,Sea Beach,86th St,N,FALSE,40.592721000000004,-73.97823000000001
226,Sea Beach,8th Av,N,FALSE,40.635064,-74.011719
227,Sea Beach,Av U,N,FALSE,40.597473,-73.979137
228,Sea Beach,Bay Parkway,N,FALSE,40.611815,-73.981848
229,Sea Beach,Fort Hamilton Parkway,N,FALSE,40.631386,-74.005351
230,Sea Beach,Kings Highway,N,FALSE,40.603922999999995,-73.98035300000001
231,West End,18th Av,D,FALSE,40.607954,-74.001736
232,West End,20th Av,D,FALSE,40.604556,-73.998168
233,West End,25th Av,D,FALSE,40.597704,-73.986829
234,West End,50th St,D,FALSE,40.63626,-73.994791
235,West End,55th St,D,FALSE,40.631434999999996,-73.995476
236,West End,62nd St - New Utrecht Av,D,TRUE,40.626472,-73.996895
237,West End,62nd St - New Utrecht Av,N,TRUE,40.626472,-73.996895
238,West End,71st St,D,FALSE,40.619589000000005,-73.998864
239,West End,79th St,D,FALSE,40.613501,-74.00061
240,West End,9th Av,D,FALSE,40.646291999999995,-73.994324
241,West End,Bay 50th St,D,FALSE,40.588840999999995,-73.983765
242,West End,Bay Parkway,D,FALSE,40.601875,-73.993728
243,West End,Fort Hamilton Parkway,D,FALSE,40.640914,-73.994304
244,63rd Street,21st St,F,FALSE,40.754203000000004,-73.942836
245,63rd Street,Lexington Av - 63rd St,F,TRUE,40.764627000000004,-73.96611
246,63rd Street,Lexington Av - 63rd St,Q,TRUE,40.764627000000004,-73.96611
247,63rd Street,Roosevelt Island,F,FALSE,40.759145000000004,-73.95326
248,6 Avenue,14th St - 6 Av,F,TRUE,40.738228,-73.996209
249,6 Avenue,14th St - 6 Av,L,TRUE,40.738228,-73.996209
250,6 Avenue,14th St - 6 Av,M,TRUE,40.738228,-73.996209
251,6 Avenue,14th St - 6 Av,1,TRUE,40.738228,-73.996209
252,6 Avenue,14th St - 6 Av,2,TRUE,40.738228,-73.996209
253,6 Avenue,14th St - 6 Av,3,TRUE,40.738228,-73.996209
254,6 Avenue,23rd St,F,TRUE,40.742878000000005,-73.99282099999999
255,6 Avenue,23rd St,M,TRUE,40.742878000000005,-73.99282099999999
256,6 Avenue,2nd Av,F,FALSE,40.723402,-73.989938
257,6 Avenue,42nd St - Bryant Park,B,TRUE,40.754222,-73.984569
258,6 Avenue,42nd St - Bryant Park,D,TRUE,40.754222,-73.984569
259,6 Avenue,42nd St - Bryant Park,F,TRUE,40.754222,-73.984569
260,6 Avenue,42nd St - Bryant Park,M,TRUE,40.754222,-73.984569
261,6 Avenue,42nd St - Bryant Park,7,TRUE,40.754222,-73.984569
262,6 Avenue,47-50th Sts - Rockefeller Center,B,TRUE,40.758663,-73.981329
263,6 Avenue,47-50th Sts - Rockefeller Center,D,TRUE,40.758663,-73.981329
264,6 Avenue,47-50th Sts - Rockefeller Center,F,TRUE,40.758663,-73.981329
265,6 Avenue,47-50th Sts - Rockefeller Center,M,TRUE,40.758663,-73.981329
266,6 Avenue,57th St,F,FALSE,40.763971999999995,-73.97745
267,6 Avenue,7th Av,F,FALSE,40.666271,-73.980305
268,6 Avenue,Bergen St,F,TRUE,40.686145,-73.99086199999999
269,6 Avenue,Bergen St,G,TRUE,40.686145,-73.99086199999999
270,6 Avenue,Broadway - Lafayette St (Bleecker St),B,TRUE,40.725297,-73.996204
271,6 Avenue,Broadway - Lafayette St (Bleecker St),D,TRUE,40.725297,-73.996204
272,6 Avenue,Broadway - Lafayette St (Bleecker St),F,TRUE,40.725297,-73.996204
273,6 Avenue,Broadway - Lafayette St (Bleecker St),M,TRUE,40.725297,-73.996204
274,6 Avenue,Broadway - Lafayette St (Bleecker St),6,TRUE,40.725297,-73.996204
275,6 Avenue,Carroll St,F,TRUE,40.680303,-73.995048
276,6 Avenue,Carroll St,G,TRUE,40.680303,-73.995048
277,6 Avenue,Church Av,F,FALSE,40.644040999999994,-73.979678
278,6 Avenue,Delancey St,F,TRUE,40.718610999999996,-73.988114
279,6 Avenue,Delancey St,J,TRUE,40.718610999999996,-73.988114
280,6 Avenue,Delancey St,M,TRUE,40.718610999999996,-73.988114
281,6 Avenue,Delancey St,Z,TRUE,40.718610999999996,-73.988114
282,6 Avenue,East Broadway,F,FALSE,40.713715,-73.990173
283,6 Avenue,Fort Hamilton Parkway,F,FALSE,40.650782,-73.975776
284,6 Avenue,Grand St,B,TRUE,40.718267,-73.993753
285,6 Avenue,Grand St,D,TRUE,40.718267,-73.993753
286,6 Avenue,15 St - Prospect Park,F,FALSE,40.660365000000006,-73.979493
287,6 Avenue,Smith - 9th Sts,F,TRUE,40.67358,-73.995959
288,6 Avenue,Smith - 9th Sts,G,TRUE,40.67358,-73.995959
289,6 Avenue,Smith - 9th Sts,R,TRUE,40.67358,-73.995959
290,6 Avenue,York St,F,FALSE,40.699743,-73.986885
291,8 Avenue,103rd St,B,TRUE,40.796092,-73.961454
292,8 Avenue,103rd St,C,TRUE,40.796092,-73.961454
293,8 Avenue,116th St,B,TRUE,40.805085,-73.954882
294,8 Avenue,116th St,C,TRUE,40.805085,-73.954882
295,8 Avenue,125th St,A,TRUE,40.811109,-73.952343
296,8 Avenue,125th St,B,TRUE,40.811109,-73.952343
297,8 Avenue,125th St,C,TRUE,40.811109,-73.952343
298,8 Avenue,125th St,D,TRUE,40.811109,-73.952343
299,8 Avenue,135th St,B,TRUE,40.817894,-73.947649
300,8 Avenue,135th St,C,TRUE,40.817894,-73.947649
301,8 Avenue,145th St,A,TRUE,40.824783000000004,-73.944216
302,8 Avenue,145th St,B,TRUE,40.824783000000004,-73.944216
303,8 Avenue,145th St,C,TRUE,40.824783000000004,-73.944216
304,8 Avenue,145th St,D,TRUE,40.824783000000004,-73.944216
305,8 Avenue,155th St,C,FALSE,40.830518,-73.941514
306,8 Avenue,163rd St - Amsterdam Av,C,FALSE,40.836013,-73.939892
307,8 Avenue,168th St,A,TRUE,40.840719,-73.939561
308,8 Avenue,168th St,C,TRUE,40.840719,-73.939561
309,8 Avenue,175th St,A,FALSE,40.847390999999995,-73.939704
310,8 Avenue,181st St,A,FALSE,40.851695,-73.937969
311,8 Avenue,190th St,A,FALSE,40.859021999999996,-73.93418
312,8 Avenue,23rd St,C,TRUE,40.745906,-73.998041
313,8 Avenue,23rd St,E,TRUE,40.745906,-73.998041
314,8 Avenue,34th St - Penn Station,A,TRUE,40.752287,-73.993391
315,8 Avenue,34th St - Penn Station,C,TRUE,40.752287,-73.993391
316,8 Avenue,34th St - Penn Station,E,TRUE,40.752287,-73.993391
317,8 Avenue,50th St,C,TRUE,40.762456,-73.985984
318,8 Avenue,50th St,E,TRUE,40.762456,-73.985984
319,8 Avenue,59th St - Columbus Circle,A,TRUE,40.768296,-73.981736
320,8 Avenue,59th St - Columbus Circle,B,TRUE,40.768296,-73.981736
321,8 Avenue,59th St - Columbus Circle,C,TRUE,40.768296,-73.981736
322,8 Avenue,59th St - Columbus Circle,D,TRUE,40.768296,-73.981736
323,8 Avenue,59th St - Columbus Circle,1,TRUE,40.768296,-73.981736
324,8 Avenue,72nd St,B,TRUE,40.775594,-73.97641
325,8 Avenue,72nd St,C,TRUE,40.775594,-73.97641
326,8 Avenue,81st St - Museum of Natural History,B,TRUE,40.781433,-73.972143
327,8 Avenue,81st St - Museum of Natural History,C,TRUE,40.781433,-73.972143
328,8 Avenue,86th St,B,TRUE,40.785868,-73.96891600000001
329,8 Avenue,86th St,C,TRUE,40.785868,-73.96891600000001
330,8 Avenue,96th St,B,TRUE,40.791646,-73.964699
331,8 Avenue,96th St,C,TRUE,40.791646,-73.964699
332,8 Avenue,Canal St,A,TRUE,40.720824,-74.005229
333,8 Avenue,Canal St,C,TRUE,40.720824,-74.005229
334,8 Avenue,Canal St,E,TRUE,40.720824,-74.005229
335,8 Avenue,Cathedral Parkway - 110th St,B,TRUE,40.800605,-73.958158
336,8 Avenue,Cathedral Parkway - 110th St,C,TRUE,40.800605,-73.958158
337,8 Avenue,Chambers St - Park Place - World Trade Center,A,TRUE,40.714110999999995,-74.008585
338,8 Avenue,Chambers St - Park Place - World Trade Center,C,TRUE,40.714110999999995,-74.008585
339,8 Avenue,Chambers St - Park Place - World Trade Center,E,TRUE,40.714110999999995,-74.008585
340,8 Avenue,Chambers St - Park Place - World Trade Center,2,TRUE,40.714110999999995,-74.008585
341,8 Avenue,Chambers St - Park Place - World Trade Center,3,TRUE,40.714110999999995,-74.008585
342,8 Avenue,Dyckman St,A,FALSE,40.865491,-73.92727099999999
343,8 Avenue,High St,A,TRUE,40.699337,-73.990531
344,8 Avenue,High St,C,TRUE,40.699337,-73.990531
345,8 Avenue,Inwood - 207th St,A,FALSE,40.868072,-73.919899
346,8 Avenue,Spring St,C,TRUE,40.726227,-74.003739
347,8 Avenue,Spring St,E,TRUE,40.726227,-74.003739
348,8 Avenue,West 4th St - Washington Square,A,TRUE,40.732338,-74.000495
349,8 Avenue,West 4th St - Washington Square,B,TRUE,40.732338,-74.000495
350,8 Avenue,West 4th St - Washington Square,C,TRUE,40.732338,-74.000495
351,8 Avenue,West 4th St - Washington Square,D,TRUE,40.732338,-74.000495
352,8 Avenue,West 4th St - Washington Square,E,TRUE,40.732338,-74.000495
353,8 Avenue,West 4th St - Washington Square,F,TRUE,40.732338,-74.000495
354,8 Avenue,West 4th St - Washington Square,M,TRUE,40.732338,-74.000495
355,Archer Av,Jamaica - Van Wyck,E,FALSE,40.702566,-73.816859
356,Archer Av,Jamaica Center - Parsons/Archer,E,TRUE,40.702147,-73.801109
357,Archer Av,Jamaica Center - Parsons/Archer,J,TRUE,40.702147,-73.801109
358,Archer Av,Jamaica Center - Parsons/Archer,Z,TRUE,40.702147,-73.801109
359,Archer Av,Sutphin Blvd - Archer Av - JFK Airport,E,TRUE,40.700486,-73.807969
360,Archer Av,Sutphin Blvd - Archer Av - JFK Airport,J,TRUE,40.700486,-73.807969
361,Archer Av,Sutphin Blvd - Archer Av - JFK Airport,Z,TRUE,40.700486,-73.807969
362,Concourse,155th St,B,TRUE,40.830135,-73.938209
363,Concourse,155th St,D,TRUE,40.830135,-73.938209
364,Concourse,167th St,B,TRUE,40.833769000000004,-73.918432
365,Concourse,167th St,D,TRUE,40.833769000000004,-73.918432
366,Concourse,170th St,B,TRUE,40.839306,-73.9134
367,Concourse,170th St,D,TRUE,40.839306,-73.9134
368,Concourse,174-175th Sts,B,TRUE,40.8459,-73.910136
369,Concourse,174-175th Sts,D,TRUE,40.8459,-73.910136
370,Concourse,182-183rd Sts,B,TRUE,40.856093,-73.900741
371,Concourse,182-183rd Sts,D,TRUE,40.856093,-73.900741
372,Concourse,Bedford Park Blvd,B,TRUE,40.873244,-73.88713800000001
373,Concourse,Bedford Park Blvd,D,TRUE,40.873244,-73.88713800000001
374,Concourse,Fordham Rd,B,TRUE,40.861296,-73.897749
375,Concourse,Fordham Rd,D,TRUE,40.861296,-73.897749
376,Concourse,Kingsbridge Rd,B,TRUE,40.866978,-73.893509
377,Concourse,Kingsbridge Rd,D,TRUE,40.866978,-73.893509
378,Concourse,Norwood - 205th St,D,FALSE,40.874811,-73.878855
379,Concourse,Tremont Av,B,TRUE,40.85041,-73.905227
380,Concourse,Tremont Av,D,TRUE,40.85041,-73.905227
381,Crosstown,21st St,G,FALSE,40.744065,-73.949724
382,Crosstown,Bedford - Nostrand Avs,G,FALSE,40.689627,-73.95352199999999
383,Crosstown,Broadway,G,FALSE,40.706092,-73.95030799999999
384,Crosstown,Classon Av,G,FALSE,40.688873,-73.96007
385,Crosstown,Clinton - Washington Avs,G,FALSE,40.688089,-73.96683900000001
386,Crosstown,Flushing Av,G,FALSE,40.700377,-73.950234
387,Crosstown,Fulton St,G,FALSE,40.687119,-73.975375
388,Crosstown,Greenpoint Av,G,FALSE,40.731352,-73.954449
389,Crosstown,Myrtle - Willoughby Avs,G,FALSE,40.694568,-73.949046
390,Crosstown,Nassau Av,G,FALSE,40.724635,-73.951277
391,Culver,18th Av,F,FALSE,40.629754999999996,-73.97697099999999
392,Culver,Av I,F,FALSE,40.625322,-73.976127
393,Culver,Av N,F,FALSE,40.615140000000004,-73.974197
394,Culver,Av P,F,FALSE,40.608944,-73.973022
395,Culver,Av U,F,FALSE,40.596063,-73.973357
396,Culver,Av X,F,FALSE,40.589620000000004,-73.97425
397,Culver,Bay Parkway,F,FALSE,40.620769,-73.975264
398,Culver,Ditmas Av,F,FALSE,40.636119,-73.978172
399,Culver,Kings Highway,F,FALSE,40.603217,-73.97236099999999
400,Culver,Neptune Av,F,FALSE,40.581011,-73.974574
401,Fulton,Broadway Junction,A,TRUE,40.678334,-73.905316
402,Fulton,Broadway Junction,C,TRUE,40.678334,-73.905316
403,Fulton,Broadway Junction,L,TRUE,40.678334,-73.905316
404,Fulton,Broadway Junction,J,TRUE,40.678334,-73.905316
405,Fulton,Broadway Junction,Z,TRUE,40.678334,-73.905316
406,Fulton,Clinton - Washington Avs,C,FALSE,40.683263000000004,-73.965838
407,Fulton,Euclid Av,A,TRUE,40.675377000000005,-73.872106
408,Fulton,Euclid Av,C,TRUE,40.675377000000005,-73.872106
409,Fulton,Hoyt - Schermerhorn Sts,A,TRUE,40.688484,-73.985001
410,Fulton,Hoyt - Schermerhorn Sts,C,TRUE,40.688484,-73.985001
411,Fulton,Hoyt - Schermerhorn Sts,G,TRUE,40.688484,-73.985001
412,Fulton,Kingston - Throop Avs,A,TRUE,40.679921,-73.94085799999999
413,Fulton,Kingston - Throop Avs,C,TRUE,40.679921,-73.94085799999999
414,Fulton,Lafayette Av,C,FALSE,40.686113,-73.973946
415,Fulton,Liberty Av,A,TRUE,40.674541999999995,-73.896548
416,Fulton,Liberty Av,C,TRUE,40.674541999999995,-73.896548
417,Fulton,Nostrand Av,A,TRUE,40.680438,-73.95042600000001
418,Fulton,Nostrand Av,C,TRUE,40.680438,-73.95042600000001
419,Fulton,Ralph Av,A,TRUE,40.678822,-73.92078599999999
420,Fulton,Ralph Av,C,TRUE,40.678822,-73.92078599999999
421,Fulton,Rockaway Av,A,TRUE,40.678340000000006,-73.911946
422,Fulton,Rockaway Av,C,TRUE,40.678340000000006,-73.911946
423,Fulton,Shepherd Av,A,TRUE,40.67413,-73.88075
424,Fulton,Shepherd Av,C,TRUE,40.67413,-73.88075
425,Fulton,Utica Av,A,TRUE,40.679364,-73.930729
426,Fulton,Utica Av,C,TRUE,40.679364,-73.930729
427,Fulton,Van Siclen Av,A,TRUE,40.672709999999995,-73.89035799999999
428,Fulton,Van Siclen Av,C,TRUE,40.672709999999995,-73.89035799999999
429,Liberty,104th St,A,FALSE,40.681711,-73.837683
430,Liberty,111th St,A,FALSE,40.684331,-73.832163
431,Liberty,80th St,A,FALSE,40.679371,-73.858992
432,Liberty,88th St,A,FALSE,40.679843,-73.85146999999999
433,Liberty,Grant Av,A,FALSE,40.677044,-73.86505
434,Liberty,Ozone Park - Lefferts Blvd,A,FALSE,40.685951,-73.82579799999999
435,Liberty,Rockaway Blvd,A,FALSE,40.680429,-73.843853
436,Queens Boulevard,169th St,F,FALSE,40.71047,-73.793604
437,Queens Boulevard,36th St,M,TRUE,40.752039,-73.928781
438,Queens Boulevard,36th St,R,TRUE,40.752039,-73.928781
439,Queens Boulevard,46th St,M,TRUE,40.756312,-73.913333
440,Queens Boulevard,46th St,R,TRUE,40.756312,-73.913333
441,Queens Boulevard,5th Av - 53rd St,E,TRUE,40.760166999999996,-73.975224
442,Queens Boulevard,5th Av - 53rd St,M,TRUE,40.760166999999996,-73.975224
443,Queens Boulevard,63rd Drive - Rego Park,M,TRUE,40.729846,-73.861604
444,Queens Boulevard,63rd Drive - Rego Park,R,TRUE,40.729846,-73.861604
445,Queens Boulevard,65th St,M,TRUE,40.749669,-73.898453
446,Queens Boulevard,65th St,R,TRUE,40.749669,-73.898453
447,Queens Boulevard,67th Av,M,TRUE,40.726523,-73.852719
448,Queens Boulevard,67th Av,R,TRUE,40.726523,-73.852719
449,Queens Boulevard,75th Av,E,TRUE,40.718331,-73.837324
450,Queens Boulevard,75th Av,F,TRUE,40.718331,-73.837324
451,Queens Boulevard,7th Av,B,TRUE,40.762862,-73.981637
452,Queens Boulevard,7th Av,D,TRUE,40.762862,-73.981637
453,Queens Boulevard,7th Av,E,TRUE,40.762862,-73.981637
454,Queens Boulevard,Briarwood - Van Wyck Blvd,F,FALSE,40.709179,-73.820574
455,Queens Boulevard,Elmhurst Av,M,TRUE,40.742453999999995,-73.882017
456,Queens Boulevard,Elmhurst Av,R,TRUE,40.742453999999995,-73.882017
457,Queens Boulevard,Forest Hills - 71st Av,E,TRUE,40.721691,-73.844521
458,Queens Boulevard,Forest Hills - 71st Av,F,TRUE,40.721691,-73.844521
459,Queens Boulevard,Forest Hills - 71st Av,M,TRUE,40.721691,-73.844521
460,Queens Boulevard,Forest Hills - 71st Av,R,TRUE,40.721691,-73.844521
461,Queens Boulevard,Grand Av - Newtown,M,TRUE,40.737015,-73.877223
462,Queens Boulevard,Grand Av - Newtown,R,TRUE,40.737015,-73.877223
463,Queens Boulevard,Jackson Heights - Roosevelt Ave,E,TRUE,40.746644,-73.891338
464,Queens Boulevard,Jackson Heights - Roosevelt Ave,F,TRUE,40.746644,-73.891338
465,Queens Boulevard,Jackson Heights - Roosevelt Ave,M,TRUE,40.746644,-73.891338
466,Queens Boulevard,Jackson Heights - Roosevelt Ave,R,TRUE,40.746644,-73.891338
467,Queens Boulevard,Jackson Heights - Roosevelt Ave,7,TRUE,40.746644,-73.891338
468,Queens Boulevard,Jamaica - 179th St,F,FALSE,40.712646,-73.783817
469,Queens Boulevard,Kew Gardens - Union Turnpike,E,TRUE,40.714441,-73.831008
470,Queens Boulevard,Kew Gardens - Union Turnpike,F,TRUE,40.714441,-73.831008
471,Queens Boulevard,Lexington Av - 53rd St,E,TRUE,40.757552000000004,-73.96905500000001
472,Queens Boulevard,Lexington Av - 53rd St,M,TRUE,40.757552000000004,-73.96905500000001
473,Queens Boulevard,Lexington Av - 53rd St,6,TRUE,40.757552000000004,-73.96905500000001
474,Queens Boulevard,Northern Blvd,M,TRUE,40.752885,-73.906006
475,Queens Boulevard,Northern Blvd,R,TRUE,40.752885,-73.906006
476,Queens Boulevard,Parsons Blvd,F,FALSE,40.707564,-73.803326
477,Queens Boulevard,Queens Plaza,E,TRUE,40.748973,-73.93724300000001
478,Queens Boulevard,Queens Plaza,M,TRUE,40.748973,-73.93724300000001
479,Queens Boulevard,Queens Plaza,R,TRUE,40.748973,-73.93724300000001
480,Queens Boulevard,Steinway St,M,TRUE,40.756879,-73.92074000000001
481,Queens Boulevard,Steinway St,R,TRUE,40.756879,-73.92074000000001
482,Queens Boulevard,Sutphin Blvd,F,FALSE,40.705459999999995,-73.81070799999999
483,Queens Boulevard,Woodhaven Blvd,M,TRUE,40.733106,-73.869229
484,Queens Boulevard,Woodhaven Blvd,R,TRUE,40.733106,-73.869229
485,Rockaway,Aqueduct - North Conduit Av,A2,TRUE,40.668234000000005,-73.834058
486,Rockaway,Aqueduct - North Conduit Av,A3,TRUE,40.668234000000005,-73.834058
487,Rockaway,Aqueduct Racetrack,A2,TRUE,40.672131,-73.835812
488,Rockaway,Aqueduct Racetrack,A3,TRUE,40.672131,-73.835812
489,Rockaway,Beach 105th St,A3,TRUE,40.583209000000004,-73.827559
490,Rockaway,Beach 105th St,S3,TRUE,40.583209000000004,-73.827559
491,Rockaway,Beach 25th St,A2,FALSE,40.600066,-73.761353
492,Rockaway,Beach 36th St,A2,FALSE,40.595397999999996,-73.768175
493,Rockaway,Beach 44th St,A2,FALSE,40.592943,-73.776013
494,Rockaway,Beach 60th St,A2,FALSE,40.592374,-73.788522
495,Rockaway,Beach 67th St,A2,FALSE,40.590927,-73.796924
496,Rockaway,Beach 90th St,A3,TRUE,40.588034,-73.813641
497,Rockaway,Beach 90th St,S3,TRUE,40.588034,-73.813641
498,Rockaway,Beach 98th St,A3,TRUE,40.585307,-73.82055799999999
499,Rockaway,Beach 98th St,S3,TRUE,40.585307,-73.82055799999999
500,Rockaway,Broad Channel,A3,TRUE,40.608382,-73.815925
501,Rockaway,Broad Channel,S3,TRUE,40.608382,-73.815925
502,Rockaway,Far Rockaway - Mott Av,A2,TRUE,40.603995,-73.75540500000001
503,Rockaway,Far Rockaway - Mott Av,A3,TRUE,40.603995,-73.75540500000001
504,Rockaway,Howard Beach - JFK Airport,A2,TRUE,40.660476,-73.830301
505,Rockaway,Howard Beach - JFK Airport,A3,TRUE,40.660476,-73.830301
506,Rockaway,Rockaway Park - Beach 116th,A3,TRUE,40.580903,-73.835592
507,Rockaway,Rockaway Park - Beach 116th,S3,TRUE,40.580903,-73.835592
508,Broadway-7th Ave,103rd St,1,FALSE,40.799446,-73.968379
509,Broadway-7th Ave,116th St - Columbia University,1,FALSE,40.807722,-73.96410999999999
510,Broadway-7th Ave,125th St,1,FALSE,40.815581,-73.958372
511,Broadway-7th Ave,137th St - City College,1,FALSE,40.822008000000004,-73.953676
512,Broadway-7th Ave,145th St,1,FALSE,40.826551,-73.95036
513,Broadway-7th Ave,157th St,1,FALSE,40.834041,-73.94489
514,Broadway-7th Ave,168th St,A,TRUE,40.840556,-73.94013299999999
515,Broadway-7th Ave,168th St,C,TRUE,40.840556,-73.94013299999999
516,Broadway-7th Ave,168th St,1,TRUE,40.840556,-73.94013299999999
517,Broadway-7th Ave,181st St,1,FALSE,40.849505,-73.933596
518,Broadway-7th Ave,18th St,1,FALSE,40.741040000000005,-73.99787099999999
519,Broadway-7th Ave,191st St,1,FALSE,40.855225,-73.929412
520,Broadway-7th Ave,207th St,1,FALSE,40.864614,-73.918819
521,Broadway-7th Ave,215th St,1,FALSE,40.869444,-73.915279
522,Broadway-7th Ave,231st St,1,FALSE,40.878856,-73.904834
523,Broadway-7th Ave,238th St,1,FALSE,40.884667,-73.90087
524,Broadway-7th Ave,23rd St,1,FALSE,40.744081,-73.995657
525,Broadway-7th Ave,28th St,1,FALSE,40.747215000000004,-73.993365
526,Broadway-7th Ave,34th St - Penn Station,1,TRUE,40.750372999999996,-73.991057
527,Broadway-7th Ave,34th St - Penn Station,2,TRUE,40.750372999999996,-73.991057
528,Broadway-7th Ave,34th St - Penn Station,3,TRUE,40.750372999999996,-73.991057
529,Broadway-7th Ave,50th St,1,FALSE,40.761728000000005,-73.98384899999999
530,Broadway-7th Ave,66th St - Lincoln Center,1,FALSE,40.77344,-73.982209
531,Broadway-7th Ave,72nd St,1,TRUE,40.778453000000006,-73.98196999999999
532,Broadway-7th Ave,72nd St,2,TRUE,40.778453000000006,-73.98196999999999
533,Broadway-7th Ave,72nd St,3,TRUE,40.778453000000006,-73.98196999999999
534,Broadway-7th Ave,79th St,1,FALSE,40.783934,-73.979917
535,Broadway-7th Ave,86th St,1,FALSE,40.788644,-73.976218
536,Broadway-7th Ave,96th St,1,TRUE,40.793919,-73.972323
537,Broadway-7th Ave,96th St,2,TRUE,40.793919,-73.972323
538,Broadway-7th Ave,96th St,3,TRUE,40.793919,-73.972323
539,Broadway-7th Ave,Canal St,1,FALSE,40.722854,-74.006277
540,Broadway-7th Ave,Cathedral Parkway - 110th St,1,FALSE,40.803967,-73.966847
541,Broadway-7th Ave,Chambers St,1,TRUE,40.715478000000004,-74.009266
542,Broadway-7th Ave,Chambers St,2,TRUE,40.715478000000004,-74.009266
543,Broadway-7th Ave,Chambers St,3,TRUE,40.715478000000004,-74.009266
544,Broadway-7th Ave,Christopher St,1,FALSE,40.733422,-74.00290600000001
545,Broadway-7th Ave,WTC - Cortlandt,1,FALSE,-1.0,-1.0
546,Broadway-7th Ave,Dyckman St,1,FALSE,40.860531,-73.925536
547,Broadway-7th Ave,Franklin St,1,FALSE,40.719318,-74.006886
548,Broadway-7th Ave,Houston St,1,FALSE,40.728251,-74.005367
549,Broadway-7th Ave,Marble Hill - 225th St,1,FALSE,40.874561,-73.90983100000001
550,Broadway-7th Ave,Rector St,1,FALSE,40.707513,-74.01378299999999
551,Broadway-7th Ave,Van Cortlandt Park - 242nd St,1,FALSE,40.889247999999995,-73.898583
552,Clark,Court St - Borough Hall,R,TRUE,40.693219,-73.989998
553,Clark,Court St - Borough Hall,2,TRUE,40.693219,-73.989998
554,Clark,Court St - Borough Hall,3,TRUE,40.693219,-73.989998
555,Clark,Court St - Borough Hall,4,TRUE,40.693219,-73.989998
556,Clark,Court St - Borough Hall,5,TRUE,40.693219,-73.989998
557,Clark,Clark St,2,TRUE,40.697466,-73.993086
558,Clark,Clark St,3,TRUE,40.697466,-73.993086
559,Clark,Fulton St,A,TRUE,40.709416,-74.006571
560,Clark,Fulton St,C,TRUE,40.709416,-74.006571
561,Clark,Fulton St,J,TRUE,40.709416,-74.006571
562,Clark,Fulton St,Z,TRUE,40.709416,-74.006571
563,Clark,Fulton St,2,TRUE,40.709416,-74.006571
564,Clark,Fulton St,3,TRUE,40.709416,-74.006571
565,Clark,Fulton St,4,TRUE,40.709416,-74.006571
566,Clark,Fulton St,5,TRUE,40.709416,-74.006571
567,Clark,Wall St,2,TRUE,40.706821000000005,-74.0091
568,Clark,Wall St,3,TRUE,40.706821000000005,-74.0091
569,Dyre Av,Baychester Av,5,FALSE,40.878663,-73.83859100000001
570,Dyre Av,Eastchester - Dyre Av,5,FALSE,40.8883,-73.830834
571,Dyre Av,Gun Hill Rd,5,FALSE,40.869526,-73.846384
572,Dyre Av,Morris Park,5,FALSE,40.854364000000004,-73.860495
573,Dyre Av,Pelham Parkway,5,FALSE,40.858985,-73.85535899999999
574,Eastern Parkway,Bergen St,2,TRUE,40.680828999999996,-73.975098
575,Eastern Parkway,Bergen St,3,TRUE,40.680828999999996,-73.975098
576,Eastern Parkway,Eastern Parkway - Brooklyn Museum,2,TRUE,40.671987,-73.964375
577,Eastern Parkway,Eastern Parkway - Brooklyn Museum,3,TRUE,40.671987,-73.964375
578,Eastern Parkway,Franklin Av,S2,TRUE,40.670682,-73.95813100000001
579,Eastern Parkway,Franklin Av,2,TRUE,40.670682,-73.95813100000001
580,Eastern Parkway,Franklin Av,3,TRUE,40.670682,-73.95813100000001
581,Eastern Parkway,Franklin Av,4,TRUE,40.670682,-73.95813100000001
582,Eastern Parkway,Franklin Av,5,TRUE,40.670682,-73.95813100000001
583,Eastern Parkway,Grand Army Plaza,2,TRUE,40.675235,-73.971046
584,Eastern Parkway,Grand Army Plaza,3,TRUE,40.675235,-73.971046
585,Eastern Parkway,Hoyt St,2,TRUE,40.690545,-73.985065
586,Eastern Parkway,Hoyt St,3,TRUE,40.690545,-73.985065
587,Eastern Parkway,Kingston Av,3,FALSE,40.669399,-73.942161
588,Eastern Parkway,Nevins St,2,TRUE,40.688246,-73.980492
589,Eastern Parkway,Nevins St,3,TRUE,40.688246,-73.980492
590,Eastern Parkway,Nevins St,4,TRUE,40.688246,-73.980492
591,Eastern Parkway,Nevins St,5,TRUE,40.688246,-73.980492
592,Eastern Parkway,Nostrand Av,3,FALSE,40.669847,-73.950466
593,Eastern Parkway,Utica Av,3,TRUE,40.668896999999994,-73.93294200000001
594,Eastern Parkway,Utica Av,4,TRUE,40.668896999999994,-73.93294200000001
595,Flushing,103rd St,7,FALSE,40.749865,-73.8627
596,Flushing,111th St,7,FALSE,40.75173,-73.855334
597,Flushing,34 St - Hudson Yards,7,FALSE,40.755882,-74.00191
598,Flushing,Court Sq,E,TRUE,40.747023,-73.945264
599,Flushing,Court Sq,G,TRUE,40.747023,-73.945264
600,Flushing,Court Sq,M,TRUE,40.747023,-73.945264
601,Flushing,Court Sq,7,TRUE,40.747023,-73.945264
602,Flushing,82nd St - Jackson Heights,7,FALSE,40.747659000000006,-73.883697
603,Flushing,90th St Elmhurst,7,FALSE,40.748408000000005,-73.876613
604,Flushing,46th St - Bliss St,7,FALSE,40.743132,-73.918435
605,Flushing,69th St - Fisk Av,7,FALSE,40.746325,-73.896403
606,Flushing,Flushing - Main St,7,FALSE,40.7596,-73.83003000000001
607,Flushing,Grand Central - 42 St,4,TRUE,40.751431,-73.97604100000001
608,Flushing,Grand Central - 42 St,5,TRUE,40.751431,-73.97604100000001
609,Flushing,Grand Central - 42 St,6,TRUE,40.751431,-73.97604100000001
610,Flushing,Grand Central - 42 St,7,TRUE,40.751431,-73.97604100000001
611,Flushing,Grand Central - 42 St,S,TRUE,40.751431,-73.97604100000001
612,Flushing,Hunters Point Av,7,FALSE,40.742216,-73.948916
613,Flushing,Junction Blvd,7,FALSE,40.749145,-73.869527
614,Flushing,52nd St - Lincoln Av,7,FALSE,40.744149,-73.912549
615,Flushing,40th St - Lowery St,7,FALSE,40.743781,-73.92401600000001
616,Flushing,Mets - Willets Point,7,FALSE,40.754622,-73.845625
617,Flushing,Queensboro Plaza,N,TRUE,40.750582,-73.940202
618,Flushing,Queensboro Plaza,W,TRUE,40.750582,-73.940202
619,Flushing,Queensboro Plaza,7,TRUE,40.750582,-73.940202
620,Flushing,33rd St - Rawson St,7,FALSE,40.744587,-73.93099699999999
621,Flushing,Vernon Blvd - Jackson Av,7,FALSE,40.742626,-73.953581
622,Flushing,61st St - Woodside,7,FALSE,40.74563,-73.902984
623,Jerome,138th St,4,TRUE,40.813224,-73.929849
624,Jerome,138th St,5,TRUE,40.813224,-73.929849
625,Jerome,149th St - Grand Concourse,2,TRUE,40.818375,-73.927351
626,Jerome,149th St - Grand Concourse,4,TRUE,40.818375,-73.927351
627,Jerome,149th St - Grand Concourse,5,TRUE,40.818375,-73.927351
628,Jerome,167th St,4,FALSE,40.835537,-73.9214
629,Jerome,170th St,4,FALSE,40.840075,-73.91779100000001
630,Jerome,176th St,4,FALSE,40.84848,-73.911794
631,Jerome,183rd St,4,FALSE,40.858407,-73.903879
632,Jerome,Bedford Park Blvd - Lehman College,4,FALSE,40.873412,-73.890064
633,Jerome,Burnside Av,4,FALSE,40.853453,-73.907684
634,Jerome,Fordham Rd,4,FALSE,40.862803,-73.901034
635,Jerome,Kingsbridge Rd,4,FALSE,40.86776,-73.89717399999999
636,Jerome,Mosholu Parkway,4,FALSE,40.87975,-73.88465500000001
637,Jerome,Mt Eden Av,4,FALSE,40.844434,-73.91468499999999
638,Jerome,Woodlawn,4,FALSE,40.886037,-73.878751
639,Jerome,161st St - Yankee Stadium,B,TRUE,40.827994,-73.925831
640,Jerome,161st St - Yankee Stadium,D,TRUE,40.827994,-73.925831
641,Jerome,161st St - Yankee Stadium,4,TRUE,40.827994,-73.925831
642,Lenox,Central Park North (110 St),2,TRUE,40.799075,-73.95182199999999
643,Lenox,Central Park North (110 St),3,TRUE,40.799075,-73.95182199999999
644,Lenox,116th St,2,TRUE,40.802098,-73.949625
645,Lenox,116th St,3,TRUE,40.802098,-73.949625
646,Lenox,125th St,2,TRUE,40.807753999999996,-73.945495
647,Lenox,125th St,3,TRUE,40.807753999999996,-73.945495
648,Lenox,135th St,2,TRUE,40.814229,-73.94077
649,Lenox,135th St,3,TRUE,40.814229,-73.94077
650,Lenox,145th St,3,FALSE,40.820421,-73.936245
651,Lenox,Harlem - 148th St,3,FALSE,40.823879999999996,-73.93647
652,Lexington,103rd St,6,FALSE,40.7906,-73.947478
653,Lexington,110th St,6,FALSE,40.79502,-73.94425
654,Lexington,116th St,6,FALSE,40.798629,-73.94161700000001
655,Lexington,125th St,4,TRUE,40.804138,-73.93759399999999
656,Lexington,125th St,5,TRUE,40.804138,-73.93759399999999
657,Lexington,125th St,6,TRUE,40.804138,-73.93759399999999
658,Lexington,23rd St,6,FALSE,40.739864000000004,-73.986599
659,Lexington,28th St,6,FALSE,40.74307,-73.984264
660,Lexington,33rd St,6,FALSE,40.746081,-73.982076
661,Lexington,51st St,E,TRUE,40.757107,-73.97192
662,Lexington,51st St,M,TRUE,40.757107,-73.97192
663,Lexington,51st St,6,TRUE,40.757107,-73.97192
664,Lexington,68th St - Hunter College,6,FALSE,40.768141,-73.96387
665,Lexington,77th St,6,FALSE,40.77362,-73.959874
666,Lexington,86th St,4,TRUE,40.779492,-73.955589
667,Lexington,86th St,5,TRUE,40.779492,-73.955589
668,Lexington,86th St,6,TRUE,40.779492,-73.955589
669,Lexington,96th St,6,FALSE,40.785672,-73.95107
670,Lexington,Astor Place,6,FALSE,40.730053999999996,-73.99107
671,Lexington,Bowling Green,4,TRUE,40.704817,-74.014065
672,Lexington,Bowling Green,5,TRUE,40.704817,-74.014065
673,Lexington,Brooklyn Bridge - City Hall (Chambers St),J,TRUE,40.713065,-74.004131
674,Lexington,Brooklyn Bridge - City Hall (Chambers St),Z,TRUE,40.713065,-74.004131
675,Lexington,Brooklyn Bridge - City Hall (Chambers St),4,TRUE,40.713065,-74.004131
676,Lexington,Brooklyn Bridge - City Hall (Chambers St),5,TRUE,40.713065,-74.004131
677,Lexington,Brooklyn Bridge - City Hall (Chambers St),6,TRUE,40.713065,-74.004131
678,Lexington,Spring St,6,FALSE,40.722301,-73.997141
679,Lexington,Wall St,4,TRUE,40.707557,-74.011862
680,Lexington,Wall St,5,TRUE,40.707557,-74.011862
681,New Lots,Junius St,3,FALSE,40.663515000000004,-73.902447
682,New Lots,New Lots Av,3,FALSE,40.666235,-73.884079
683,New Lots,Pennsylvania Av,3,FALSE,40.664635,-73.89489499999999
684,New Lots,Rockaway Av,3,FALSE,40.662549,-73.908946
685,New Lots,Saratoga Av,3,FALSE,40.661453,-73.916327
686,New Lots,Sutter Av,3,FALSE,40.664716999999996,-73.92260999999999
687,New Lots,Van Siclen Av,3,FALSE,40.665449,-73.889395
688,Nostrand,Beverly Rd,2,TRUE,40.645098,-73.948959
689,Nostrand,Beverly Rd,5,TRUE,40.645098,-73.948959
690,Nostrand,Church Av,2,TRUE,40.650843,-73.949575
691,Nostrand,Church Av,5,TRUE,40.650843,-73.949575
692,Nostrand,Flatbush Av - Brooklyn College,2,TRUE,40.632836,-73.947642
693,Nostrand,Flatbush Av - Brooklyn College,5,TRUE,40.632836,-73.947642
694,Nostrand,Newkirk Av,2,TRUE,40.639967,-73.948411
695,Nostrand,Newkirk Av,5,TRUE,40.639967,-73.948411
696,Nostrand,President St,2,TRUE,40.667883,-73.950683
697,Nostrand,President St,5,TRUE,40.667883,-73.950683
698,Nostrand,Sterling St,2,TRUE,40.662742,-73.95085
699,Nostrand,Sterling St,5,TRUE,40.662742,-73.95085
700,Nostrand,Winthrop St,2,TRUE,40.656652,-73.9502
701,Nostrand,Winthrop St,5,TRUE,40.656652,-73.9502
702,Pelham,3rd Ave - 138th St,6,FALSE,40.810476,-73.926138
703,Pelham,Brook Av,6,FALSE,40.807565999999994,-73.91924
704,Pelham,Buhre Av,6,FALSE,40.84681,-73.83256899999999
705,Pelham,Castle Hill Av,6,FALSE,40.834255,-73.85122199999999
706,Pelham,Cypress Av,6,FALSE,40.805368,-73.91404200000001
707,Pelham,E 143rd St - St Mary's St,6,FALSE,40.808719,-73.907657
708,Pelham,E 149th St,6,FALSE,40.812118,-73.904098
709,Pelham,Elder Av,6,FALSE,40.828584,-73.879159
710,Pelham,Hunts Point Av,6,FALSE,40.820948,-73.890549
711,Pelham,Longwood Av,6,FALSE,40.816103999999996,-73.896435
712,Pelham,Middletown Rd,6,FALSE,40.843863,-73.836322
713,Pelham,Morrison Av - Soundview Av,6,FALSE,40.829521,-73.874516
714,Pelham,Parkchester,6,FALSE,40.833226,-73.860816
715,Pelham,Pelham Bay Park,6,FALSE,40.852462,-73.828121
716,Pelham,St Lawrence Av,6,FALSE,40.831509000000004,-73.86761800000001
717,Pelham,Westchester Square - East Tremont Av,6,FALSE,40.839892,-73.842952
718,Pelham,Whitlock Av,6,FALSE,40.826525,-73.88628299999999
719,Pelham,Zerega Av,6,FALSE,40.836488,-73.847036
720,White Plains Road,3rd Av - 149 St,2,TRUE,40.816109000000004,-73.917757
721,White Plains Road,3rd Av - 149 St,5,TRUE,40.816109000000004,-73.917757
722,White Plains Road,174th St,2,TRUE,40.837288,-73.887734
723,White Plains Road,174th St,5,TRUE,40.837288,-73.887734
724,White Plains Road,219th St,2,TRUE,40.883895,-73.862633
725,White Plains Road,219th St,5,TRUE,40.883895,-73.862633
726,White Plains Road,225th St,2,TRUE,40.888022,-73.860341
727,White Plains Road,225th St,5,TRUE,40.888022,-73.860341
728,White Plains Road,233rd St,2,TRUE,40.893193,-73.857473
729,White Plains Road,233rd St,5,TRUE,40.893193,-73.857473
730,White Plains Road,Nereid Av,2,TRUE,40.898379,-73.854376
731,White Plains Road,Nereid Av,5,TRUE,40.898379,-73.854376
732,White Plains Road,Allerton Av,2,TRUE,40.865462,-73.867352
733,White Plains Road,Allerton Av,5,TRUE,40.865462,-73.867352
734,White Plains Road,Bronx Park East,2,TRUE,40.848828000000005,-73.86845699999999
735,White Plains Road,Bronx Park East,5,TRUE,40.848828000000005,-73.86845699999999
736,White Plains Road,Burke Av,2,TRUE,40.871356,-73.867164
737,White Plains Road,Burke Av,5,TRUE,40.871356,-73.867164
738,White Plains Road,East 180th St,2,TRUE,40.841894,-73.873488
739,White Plains Road,East 180th St,5,TRUE,40.841894,-73.873488
740,White Plains Road,West Farms Sq - East Tremont Av,2,TRUE,40.840295000000005,-73.880049
741,White Plains Road,West Farms Sq - East Tremont Av,5,TRUE,40.840295000000005,-73.880049
742,White Plains Road,Freeman St,2,TRUE,40.829993,-73.891865
743,White Plains Road,Freeman St,5,TRUE,40.829993,-73.891865
744,White Plains Road,Gun Hill Rd,2,TRUE,40.87785,-73.866256
745,White Plains Road,Gun Hill Rd,5,TRUE,40.87785,-73.866256
746,White Plains Road,Intervale Av,2,TRUE,40.822181,-73.896736
747,White Plains Road,Intervale Av,5,TRUE,40.822181,-73.896736
748,White Plains Road,Jackson Av,2,TRUE,40.81649,-73.90780699999999
749,White Plains Road,Jackson Av,5,TRUE,40.81649,-73.90780699999999
750,White Plains Road,Pelham Parkway,2,TRUE,40.857192,-73.867615
751,White Plains Road,Pelham Parkway,5,TRUE,40.857192,-73.867615
752,White Plains Road,Prospect Av,2,TRUE,40.819585,-73.90177
753,White Plains Road,Prospect Av,5,TRUE,40.819585,-73.90177
754,White Plains Road,Simpson St,2,TRUE,40.824073,-73.893064
755,White Plains Road,Simpson St,5,TRUE,40.824073,-73.893064
756,White Plains Road,Wakefield - 241st St,2,TRUE,40.903125,-73.85061999999999
757,White Plains Road,Wakefield - 241st St,5,TRUE,40.903125,-73.85061999999999
758,2 Avenue,72nd St,Q,TRUE,40.768878,-73.95756300000001
759,2 Avenue,86th St,Q,TRUE,40.777989,-73.951589
760,2 Avenue,96th St,Q,TRUE,40.783691999999995,-73.94765799999999
